id	rate
1001	0.12494117666666668
1003	0.08616415666666666
1005	0.056666666666666664
1007	0.12942856666666666
1009	0.3
1011	0.03945355
1013	0.04563829666666667
1015	0.04256497
1017	0.05730435
1019	0.06383333333333333
1021	0.32141026666666667
1023	0.0592
1025	0.06882352666666668
1027	0.07340741
1031	0.07178117
1033	0.03384756666666667
1035	0.04425287333333333
1039	0.03912698333333333
1041	0.027275986666666665
1043	0.09863063333333333
1045	0.10018726666666668
1047	0.04699047666666667
1051	0.11601449333333333
1053	0.051971830000000004
1055	0.03470004333333333
1057	0.06103825333333333
1059	0.07488
1061	0.05518072
1063	0.08633333333333333
1065	0.09393162333333334
1069	0.02517902866666667
1071	0.08211764666666665
1073	0.024682826666666668
1077	0.045782123333333334
1079	0.05187075
1081	0.09022293333333334
1083	0.16562091666666667
1087	0.019184149
1089	0.045599886666666666
1091	0.04626262666666667
1093	0.04533333333333333
1095	0.104875
1097	0.037504753333333335
1099	0.031737586666666665
1101	0.039209680000000004
1103	0.05692576666666666
1107	0.08154761666666667
1109	0.05883161666666666
1111	0.24800000000000003
1113	0.06864406666666666
1117	0.11703915999999999
1119	0.06424242666666667
1121	0.048888890000000004
1123	0.05296588
1125	0.048367346666666665
1127	0.053595503333333336
1129	0.13226666666666667
1131	0.07711111
1133	0.09112994666666667
2020	0.057407080000000006
2050	0.0
2070	0.0
2110	0.0
2170	0.0
2180	0.0
2220	0.0
2261	0.0
2280	0.0
4001	0.0
4003	0.0
4005	0.0
4007	0.0
4009	0.0
4013	0.0
4015	0.0
4017	0.0
4019	0.0
4021	0.0
4025	0.0
4027	0.0
5001	0.04774775
5003	0.10141414
5005	0.02012437833333333
5007	0.0808392
5009	0.039827586666666664
5011	0.06095238333333333
5015	0.11943263333333334
5017	0.10724999999999998
5019	0.13333333333333333
5021	0.14466666666666667
5023	0.11386666666666666
5027	0.06023809333333334
5029	0.08180952
5031	0.035924943333333334
5033	0.11475728333333333
5035	0.055376346666666666
5037	0.1372
5039	0.048933333333333336
5041	0.046933333333333334
5043	0.07278911666666667
5045	0.053644950000000004
5047	0.12093333333333334
5049	0.082
5051	0.022843136666666666
5055	0.09374677
5057	0.04118143333333334
5061	0.14933333333333332
5063	0.03849246333333333
5065	0.14093333333333333
5067	0.05862155333333334
5069	0.037195446666666666
5071	0.05904166666666666
5075	0.17093333333333333
5083	0.0898374
5091	0.12408602333333335
5093	0.06354058666666668
5103	0.0335
5107	0.02236559
5109	0.0490625
5113	0.05061538333333333
5115	0.08207843333333333
5119	0.015087011666666665
5121	0.0778
5125	0.07963115
5127	0.06305555333333333
5131	0.024850793333333333
5133	0.17485713333333333
5137	0.07640000000000001
5139	0.03564257
5143	0.05373221666666667
5145	0.022391305
5149	0.08175438666666666
6001	0.02570214
6005	0.07179487333333333
6007	0.027190316666666665
6009	0.046527776666666666
6011	0.06305555333333333
6019	0.03879242
6021	0.07851063999999999
6023	0.013322185
6025	0.22279851333333336
6027	0.019139784333333333
6029	0.08801782000000001
6031	0.049049673333333335
6033	0.062258066666666674
6035	0.26070175333333334
6039	0.05388167666666666
6041	0.060509459999999994
6043	0.016764706666666667
6045	0.045177303333333335
6047	0.19390243333333332
6049	0.004306784333333333
6051	0.11784313333333332
6053	0.07520386999999999
6055	0.007370786666666667
6057	0.03640151666666667
6059	0.03846227
6061	0.03948306666666667
6063	0.010383142
6065	0.19301943333333335
6067	0.043641316666666666
6089	0.027850589999999998
6091	0.0015384615333333333
6093	0.04918032666666667
6095	0.055798843333333334
6097	0.02252374
6099	0.058112373333333335
6101	0.16572463999999998
6103	0.07615942
6105	0.013071895333333333
6107	0.03934803333333334
6109	0.03326754333333334
6111	0.053963910000000004
6113	0.12337606666666666
6115	0.05356455
8001	0.07605596666666667
8003	0.05704545333333333
8005	0.09323179999999999
8007	0.1160606
8009	0.0061181433333333335
8013	0.04890042333333334
8015	0.10506666666666667
8017	0.024848485
8021	0.046078430000000004
8029	0.06489795666666667
8031	0.057191536666666674
8035	0.06473323666666667
8037	0.15816092333333331
8043	0.47600000000000003
8045	0.07736695
8049	0.03840909
8051	0.07194444666666668
8055	0.0375
8059	0.10273217666666666
8061	0.0037301586666666667
8065	0.04613333333333333
8069	0.057563216666666674
8073	0.04326666666666667
8075	0.35866666666666663
8077	0.04524809333333333
8081	0.053733333333333334
8083	0.12173333333333335
8085	0.07101449333333333
8087	0.08927536
8089	0.049529913333333335
8095	0.016833333333333332
8097	0.0848
8099	0.11080000000000001
8101	0.021462745666666668
8107	0.027993196666666668
8115	0.0060416666666666665
8117	0.17411764666666668
8119	0.17422222
8123	0.13919368666666665
8125	0.04833333333333333
9001	0.0
9003	0.0
9005	0.0
9007	0.0
9013	0.0
9015	0.0
10001	0.07564815000000001
10005	0.06458057333333334
12001	0.026028328
12003	0.006147893333333334
12005	0.04163120666666666
12007	0.2028
12009	0.031185306666666666
12011	0.056668593333333336
12013	0.12866666666666668
12015	0.0236533
12017	0.053714859999999996
12019	0.07107371666666666
12021	0.06183317333333334
12023	0.04846820833333333
12031	0.03990174333333334
12033	0.032405826666666665
12035	0.09993265666666667
12037	0.11226666666666667
12039	0.009209896
12045	0.19736842000000002
12049	0.24506666666666665
12051	0.35933333333333334
12053	0.03060215
12055	0.04311661333333333
12057	0.036930206666666666
12059	0.21550000000000002
12063	0.15639846666666665
12069	0.041703783333333334
12071	0.049747026666666666
12073	0.04542218666666667
12075	0.1285
12079	0.09186666666666667
12081	0.0758933
12083	0.05231773666666666
12085	0.040083629999999995
12086	0.08405485666666666
12087	0.08400901
12089	0.22111112000000002
12091	0.05113917666666667
12093	0.07123333333333334
12095	0.04209894333333333
12097	0.06960214
12101	0.039324073333333334
12103	0.02871128
12105	0.056451016666666666
12107	0.10417508333333333
12115	0.031606923333333335
12117	0.05100172666666667
12119	0.03827925333333333
12121	0.7728889
12123	0.05982638666666666
12125	0.019738863333333332
12127	0.029451520000000002
12131	0.12512345666666666
12133	0.09152542000000001
13001	0.09489795666666667
13005	0.10653333333333334
13009	0.02556164433333333
13013	0.23660713333333333
13015	0.16745098
13019	0.043333333333333335
13021	0.02061546
13023	0.10053333333333334
13027	0.10679999999999999
13031	0.06866666666666667
13033	0.11266666666666665
13035	0.1656
13037	0.045733333333333334
13039	0.17
13043	0.08399999999999999
13045	0.06488752333333334
13047	0.04675977666666667
13051	0.022899745333333332
13053	0.12391812666666667
13057	0.2580168666666667
13059	0.04766391
13063	0.06862089
13065	0.0732
13067	0.07403324666666666
13069	0.12575757333333334
13071	0.05537698
13075	0.027638890000000003
13077	0.08874293333333333
13081	0.047214613333333336
13083	0.15871794333333333
13087	0.07141666666666667
13091	0.04120567333333333
13095	0.014423144666666667
13097	0.11328125
13099	0.09693333333333333
13103	0.31106666666666666
13105	0.08596154
13107	0.06953703333333333
13109	0.03911564666666666
13111	0.0766
13113	0.04476359333333334
13115	0.034219683333333334
13117	0.08782894666666666
13119	0.02316666666666667
13121	0.028931200000000004
13123	0.0972
13127	0.0378803
13129	0.18917874666666668
13131	0.060777779999999997
13133	0.03644144
13135	0.1593666
13137	0.1708176
13139	0.07334855333333333
13143	0.20186666666666667
13147	0.04191057
13151	0.12686793333333335
13153	0.06737922666666667
13155	0.04892157
13157	0.14892592000000002
13159	0.11607843333333333
13163	0.09756756666666666
13165	0.06760000000000001
13173	0.056133333333333334
13175	0.025960145
13179	0.08760416666666666
13185	0.04782787
13187	0.09320512666666667
13189	0.07539007333333334
13193	0.02585034
13199	0.026269113333333333
13201	0.058133333333333335
13205	0.15652173333333333
13207	0.1584
13211	0.060066666666666664
13213	0.17547619
13215	0.018160603333333334
13217	0.14673267333333334
13223	0.06742475
13225	0.08166666666666667
13227	0.08423076666666666
13233	0.3644
13235	0.03353741666666667
13237	0.14213333333333333
13241	0.04986666666666667
13243	0.049600000000000005
13245	0.014635123333333333
13247	0.07572464
13251	0.06786666666666666
13253	0.029743589999999997
13255	0.05606250000000001
13257	0.060625
13259	0.08506666666666667
13261	0.061710530000000006
13267	0.1644
13275	0.010903614333333334
13277	0.03988934833333333
13279	0.10543859333333333
13281	0.08613333333333334
13285	0.051243960000000005
13291	0.08844444333333333
13293	0.04823188333333333
13297	0.07913131
13299	0.039624816666666667
13303	0.035402296666666666
13305	0.06674242666666667
13309	0.05706666666666667
13313	0.1076714
13317	0.0672
13321	0.11226666666666667
15001	0.011283068666666667
15003	0.017898478666666665
15007	0.0025203252
15009	0.012351421666666668
16001	0.07435992
16005	0.08834146666666666
16009	0.056666666666666664
16011	0.06910675666666666
16013	0.1928
16017	0.17880000000000001
16019	0.09018072
16021	0.07116666666666667
16023	0.033809526666666666
16027	0.195
16029	0.06253333333333334
16031	0.3078666666666667
16035	0.029116466666666667
16039	0.14200000000000002
16041	0.1345
16045	0.25104166666666666
16047	0.19685185666666666
16049	0.07333333333333333
16053	0.2748
16055	0.08143939333333333
16057	0.25706666666666667
16059	0.08185184999999999
16065	0.2330917866666667
16067	0.2477333333333333
16071	0.06272727333333333
16077	0.17166666666666666
16079	0.0848
16081	0.15794872333333332
16085	0.04253333333333333
16087	0.11293333333333334
17001	0.052815919999999995
17005	0.02826666666666667
17011	0.08606383
17019	0.07377656333333334
17021	0.10597014666666667
17025	0.19555556000000002
17027	0.18076191
17029	0.10206215
17031	0.06004837
17033	0.06899470666666667
17045	0.13946666666666668
17049	0.07458904333333333
17051	0.06593939333333333
17053	0.046517413333333334
17055	0.33133333333333337
17057	0.06469533999999999
17061	0.011328671
17063	0.12389513333333334
17065	0.0604
17067	0.205
17069	0.022666666666666665
17073	0.12197673333333334
17075	0.07920635333333333
17077	0.05588768
17081	0.043180953333333334
17083	0.10755101666666667
17089	0.10860430000000001
17091	0.06873219333333334
17095	0.052759169999999994
17097	0.14121395
17101	0.1784
17103	0.09508333333333333
17105	0.20920635333333334
17107	0.28013333333333335
17109	0.060807016666666665
17111	0.15632653333333332
17113	0.09288443333333334
17115	0.055401233333333334
17117	0.17859999999999998
17119	0.05713326666666667
17121	0.07271605333333334
17125	0.139
17127	0.09866666666666667
17131	0.13712121333333332
17135	0.09359999999999999
17137	0.07922839333333333
17141	0.6991666666666667
17143	0.032112299999999996
17145	0.06736318666666667
17147	0.18375
17149	0.18142856666666668
17157	0.04729824666666667
17159	0.037777776666666665
17165	0.044523806666666665
17167	0.036845296666666666
17169	0.033115943333333335
17173	0.17477778
17177	0.09246666666666666
17179	0.18355555333333332
17181	0.09723404666666667
17183	0.03527964333333333
17185	0.10453333333333333
17187	0.18449276
17189	0.06066666666666667
17191	0.06527272666666666
17195	0.10540741
17197	0.14710914666666666
17199	0.03271461666666667
17201	0.07826166666666667
17203	0.40555554666666666
18001	0.20733333333333334
18003	0.04939218333333333
18005	0.07304713333333333
18009	0.16488889
18011	0.21160256666666666
18017	0.04366915333333333
18019	0.04902715
18021	0.20613333333333334
18023	0.3197333333333333
18027	0.08083333333333333
18029	0.09365384333333333
18031	0.23013333333333336
18035	0.05035685333333333
18037	0.08482384999999999
18039	0.16606732666666665
18041	0.06548821666666667
18043	0.045274973333333336
18049	0.14826666666666666
18051	0.3277333333333333
18053	0.041706113333333336
18055	0.19413333333333335
18057	0.09329173333333333
18059	0.18441176666666667
18061	0.25893333333333335
18063	0.09800232666666667
18065	0.11788888333333332
18067	0.0655643
18069	0.16592593333333333
18071	0.10863798666666667
18073	0.14217390666666666
18075	0.12438094999999999
18077	0.017781494333333335
18079	0.25490196666666665
18081	0.10967272333333333
18083	0.04525714333333333
18085	0.21583333333333332
18089	0.041819314999999996
18093	0.15853333333333333
18095	0.056227193333333335
18097	0.04295495
18099	0.07895833333333334
18103	0.28933333333333333
18105	0.055450000000000006
18107	0.06559870333333334
18109	0.050450883333333335
18113	0.3507527
18117	0.12430556000000001
18123	0.1316
18127	0.1085489
18131	0.07986666666666667
18133	0.23506666666666665
18135	0.21866666666666665
18137	0.25693333333333335
18139	0.11026666666666667
18143	0.2044
18145	0.2748333333333333
18149	0.07767296
18151	0.25920000000000004
18153	0.17733333333333334
18157	0.04771627666666667
18159	0.1048
18163	0.03122359666666667
18165	0.11733333333333335
18167	0.046777573333333336
18169	0.405
18171	0.07333333333333333
18173	0.07484346666666668
18175	0.13906666666666667
18177	0.06033200666666667
18179	0.06915611999999999
18181	0.23346666666666668
18183	0.20822222333333334
19001	0.06666666666666667
19003	0.03045454666666667
19005	0.13066666666666668
19007	0.06355556
19009	0.0428
19011	0.24453333333333332
19015	0.12531746000000002
19017	0.1396
19019	0.03625
19025	0.15
19027	0.06071839
19029	0.0910101
19035	0.042650600000000004
19037	0.175
19039	0.07200000000000001
19041	0.04558922333333333
19043	0.08213333333333334
19045	0.046062893333333334
19047	0.25253333333333333
19049	0.9310666666666666
19051	0.0688
19053	0.0484
19055	0.20346666666666666
19059	0.10496598666666666
19061	0.06970213
19063	0.11520000000000001
19065	0.07733333333333334
19067	0.15653333333333333
19069	0.10573333333333333
19071	0.054933333333333334
19073	0.07626666666666666
19075	0.038125
19077	0.11066666666666668
19079	0.16986666666666667
19081	0.13133333333333333
19083	0.07373563333333333
19085	0.15986666666666666
19087	0.046907896666666664
19089	0.10736842
19091	0.05748299333333333
19093	0.08026666666666667
19095	0.13866666666666666
19097	0.21266666666666667
19099	0.11911764666666667
19101	0.11013333333333333
19103	0.023057813333333333
19105	0.13494444666666666
19107	0.0932
19109	0.1776
19111	0.06774104333333333
19113	0.05002947
19117	0.05093333333333333
19119	0.15039999999999998
19121	0.10719999999999999
19123	0.14202019999999999
19125	0.1502
19127	0.09869333333333334
19129	0.004516255333333333
19131	0.1184
19133	0.06480000000000001
19135	0.0644
19137	0.07666666666666666
19139	0.22555554666666666
19143	0.0776
19145	0.048666666666666664
19149	0.40800000000000003
19151	0.08333333333333333
19153	0.06548013666666667
19155	0.04690661333333333
19157	0.07346939
19159	0.031041666666666665
19161	0.12706666666666666
19163	0.035233306666666665
19165	0.11213333333333333
19167	0.0666
19169	0.08701314333333333
19175	0.1232
19179	0.04291858666666667
19183	0.21213333333333334
19185	0.0436
19187	0.06618333333333333
19191	0.15533333333333335
19193	0.045128513333333335
19197	0.09843972
20001	0.031066666666666666
20003	0.035528456666666666
20005	0.13493333333333332
20007	0.008136201000000001
20009	0.07650205666666667
20011	0.03797814
20013	0.058800000000000005
20015	0.10669313333333333
20019	0.015333333333333332
20021	0.08481481666666667
20023	0.04770833333333333
20025	0.005521885666666667
20027	0.06466666666666666
20029	0.09946666666666666
20031	0.01576923
20033	0.029166666666666667
20035	0.10360215
20037	0.06292237666666667
20039	0.011803279
20041	0.021727493333333334
20045	0.1197807
20047	0.031060606666666667
20051	0.05383721
20053	0.12213333333333333
20055	0.12959596
20057	0.16377104333333334
20059	0.09924242666666667
20061	0.031199043333333332
20063	0.014904761333333332
20065	0.024533333333333334
20067	0.10833333333333334
20071	0.005933333333333333
20073	0.04413333333333334
20075	0.008115941666666666
20077	0.018080808333333333
20079	0.04952718666666667
20081	0.07923076666666667
20083	0.013245614333333332
20085	0.2325
20087	0.03963963833333333
20089	0.019866666666666668
20091	0.06446306666666667
20093	0.05826666666666667
20095	0.06093333333333334
20097	0.02911111333333333
20099	0.05741293333333334
20101	0.021764706666666665
20103	0.042604790000000003
20105	0.034285713333333336
20109	0.011924882666666666
20111	0.16762712000000002
20113	0.06816092333333333
20115	0.03294871666666667
20117	0.09653333333333333
20119	0.05683333333333333
20121	0.022268041000000002
20123	0.0132
20125	0.03651041666666666
20127	0.03986666666666667
20129	0.005027777666666667
20131	0.08136054333333333
20133	0.11520000000000001
20135	0.009510703333333334
20137	0.15026666666666666
20141	0.015333333333333332
20143	0.025
20145	0.004357367
20147	0.06760000000000001
20149	0.014613936666666666
20151	0.022901961
20153	0.03722222333333333
20155	0.08865471
20157	0.024391535
20159	0.07640000000000001
20161	0.12770642666666668
20163	0.067
20165	0.027592593333333332
20167	0.04717391333333334
20169	0.05076324
20171	0.033666666666666664
20173	0.08452609333333334
20175	0.10735973333333333
20177	0.03248617
20179	0.021194968333333335
20181	0.06653333333333333
20183	0.011698113333333334
20185	0.03093333333333333
20187	0.01509804
20189	0.015633333333333336
20191	0.04469298333333333
20193	0.03098485
20195	0.013709676666666667
20201	0.023466666666666667
20203	0.015225224333333334
20205	0.029115646666666665
20209	0.019978111666666666
21001	0.05207207333333334
21003	0.11546666666666666
21009	0.041537036666666666
21013	0.022453703333333335
21015	0.07376383333333333
21017	0.03862068666666667
21019	0.01752381
21021	0.023265651000000002
21025	0.026181818666666665
21027	0.0664
21033	0.10146666666666668
21035	0.04390351
21037	0.06872659
21041	0.0552
21045	0.105
21047	0.014431721333333335
21051	0.08231292666666667
21053	0.049603176666666665
21055	0.020277778333333333
21057	0.0456
21059	0.027855786666666667
21065	0.07079999999999999
21067	0.025753601333333334
21069	0.029358976666666668
21071	0.021800596666666668
21073	0.03346820833333333
21075	0.015380953333333332
21079	0.16933333333333334
21081	0.1264
21083	0.06691588666666667
21085	0.047288888333333334
21087	0.06371428666666666
21089	0.03110526333333333
21093	0.035326166666666665
21095	0.024511111666666665
21097	0.030710383333333334
21099	0.14346666666666666
21101	0.04194444333333333
21107	0.018333333333333333
21111	0.029928886666666668
21115	0.04365740666666667
21117	0.023302533333333333
21121	0.18933333333333333
21125	0.06373333333333334
21127	0.01962963
21131	0.048266666666666666
21133	0.024407406666666666
21137	0.13693333333333332
21139	0.0524
21141	0.0612
21145	0.016949153333333335
21151	0.12087179999999999
21155	0.056711113333333334
21157	0.15586666666666665
21161	0.022366666666666667
21167	0.11933333333333332
21171	0.05517006666666667
21173	0.04570281
21175	0.053066666666666665
21177	0.05988889
21179	0.20141666666666666
21181	0.03592592666666666
21183	0.16773333333333335
21185	0.053511586666666666
21187	0.03826666666666667
21193	0.011936685333333334
21195	0.01615894
21199	0.03319199
21203	0.08576923333333333
21205	0.021901566666666667
21207	0.12746666666666667
21209	0.09106666666666667
21211	0.1197619
21213	0.12159999999999999
21217	0.05433333333333334
21221	0.06506666666666666
21225	0.10693333333333332
21227	0.037921779999999995
21231	0.1228
21235	0.023833943333333333
21239	0.13573333333333332
22001	0.08128913333333333
22003	0.09679824666666666
22005	0.2079365
22007	0.6272222333333334
22009	0.10479452
22011	0.064375
22013	0.14730158333333332
22015	0.05564642
22017	0.019238427333333332
22019	0.03824875666666667
22021	0.03743589666666667
22023	0.022585034333333334
22027	0.05808510333333333
22029	0.05876923333333333
22039	0.029293333333333334
22041	0.14240310666666667
22045	0.06429699666666666
22047	0.7586666666666666
22049	0.16586666666666666
22051	0.04395569166666667
22055	0.036736446666666665
22057	0.08665024333333333
22061	0.041091953333333334
22063	0.3967231666666666
22065	0.15306666666666668
22067	0.060036233333333335
22069	0.03490538666666666
22071	0.03262569666666666
22073	0.02828700333333333
22079	0.019392156666666667
22083	0.08970238333333333
22085	0.13136364
22105	0.05717717333333333
22109	0.045104450000000004
22111	0.09469136
22113	0.10126316
22115	0.038983453333333334
22117	0.058298366666666664
22119	0.03850340333333333
22127	0.03693602666666666
23001	0.012939958666666666
23003	0.0030989583333333333
23005	0.012012082666666667
23007	0.014871794333333334
23009	0.010058479333333334
23011	0.004881720666666667
23013	0.0070948013333333336
23015	0.008138527999999999
23017	0.025733333333333334
23019	0.005161707666666667
23021	0.004583333333333333
23025	0.035666666666666666
23027	0.0368
23029	0.013399999999999999
23031	0.033321993333333334
24001	0.03235772333333333
24005	0.05527147333333333
24009	0.07951754333333333
24013	0.031662590000000004
24015	0.039729730000000005
24017	0.18524343999999998
24019	0.009201304
24021	0.08911255666666666
24023	0.06636363333333332
24025	0.09030065666666666
24027	0.05327596
24029	0.06730769333333333
24031	0.06579937666666667
24039	0.051685393333333336
24041	0.023282828333333335
24043	0.04861111
24045	0.030416666666666668
24047	0.12207407666666666
25001	0.02946414666666667
25003	0.020037141
25005	0.053415849999999994
25007	0.04613333333333333
25009	0.09722598333333334
25011	0.03209737666666667
25013	0.036858430000000005
25015	0.02982795666666667
25017	0.04479116333333333
25019	0.08666666666666667
25021	0.034648186666666664
25023	0.04431818333333334
25025	0.021322838333333333
25027	0.04345151666666667
26003	0.11666666666666667
26005	0.23808823333333332
26007	0.024704300000000002
26011	0.07079999999999999
26013	0.13288888333333332
26015	0.17646258
26017	0.04562982
26019	0.23083333333333333
26021	0.052701823333333335
26023	0.12083333333333333
26025	0.07268139
26027	0.3545333333333333
26029	0.114
26033	0.09922764333333334
26035	0.0655102
26037	0.438
26039	0.019248825666666667
26041	0.36306666666666665
26043	0.05769911333333333
26045	0.28888888
26047	0.022846441333333332
26049	0.05126319
26051	0.13453333333333334
26053	0.12293333333333334
26057	0.18417909999999998
26059	0.10646153666666666
26061	0.09918033
26063	0.044090910000000004
26065	0.03162362666666667
26067	0.6630303
26069	0.06421768666666666
26071	0.10213333333333334
26073	0.08172316333333333
26075	0.07783205
26077	0.04357287666666667
26079	0.17625
26081	0.06876882
26087	0.06431694
26091	0.13047198
26093	0.12826741666666666
26095	0.12826666666666667
26097	0.07666666666666666
26099	0.12732756666666667
26101	0.03644444333333333
26103	0.047151095
26105	0.051768706666666664
26107	0.07038647333333334
26111	0.037348483333333335
26115	0.09920122666666667
26117	0.06189189333333334
26121	0.08196125666666668
26123	0.25986666666666663
26125	0.040217963333333336
26127	0.2
26129	0.027575756666666666
26131	0.039466666666666664
26133	0.09026666666666666
26137	0.07246376666666667
26139	0.17400856666666667
26145	0.03563866
26151	0.06087179333333334
26153	0.018108108999999997
26155	0.07685357999999999
26157	0.13886666666666667
26161	0.022267985333333334
26163	0.04065125666666667
26165	0.05517006666666667
27001	0.11613333333333334
27003	0.15760073333333333
27005	0.09256705
27007	0.05964539333333333
27015	0.057516340000000006
27017	0.12278689
27019	0.17324159
27021	1.1246666666666665
27023	0.12033333333333333
27025	0.19830600666666667
27029	0.08
27031	0.019375
27033	0.13974359
27037	0.3372972866666667
27041	0.08086614
27043	0.05542635666666667
27047	0.03666666666666667
27049	0.08141025666666667
27051	0.03688889
27053	0.05491431
27057	0.08399999999999999
27059	0.08868216666666666
27061	0.07336477999999999
27063	0.10816666666666667
27065	0.054149659999999995
27067	0.11990196666666667
27069	0.06799999999999999
27071	0.032040816666666666
27075	0.06413333333333333
27081	0.03166666666666667
27083	0.11418918666666668
27085	0.07814492666666667
27087	0.06425926333333333
27089	0.06197916666666667
27091	0.08087719666666668
27093	0.16019048
27097	0.1815646233333333
27099	0.12219511666666667
27101	0.09
27103	0.36607843333333334
27105	0.23048612000000002
27107	0.09357142666666667
27109	0.012262578666666666
27113	0.07723809666666667
27115	0.08457143333333333
27117	0.0619697
27119	0.10739130666666666
27121	0.06088235333333333
27123	0.05702674333333333
27127	0.15586666666666665
27129	0.09243902333333333
27131	0.32020408666666667
27133	0.11023809999999999
27135	0.1952
27139	0.2301643
27141	0.42
27143	0.151
27145	0.08849773333333334
27147	0.17697673333333333
27149	0.03685185
27151	0.05195652333333333
27153	0.09666666666666666
27155	0.022533333333333332
27157	0.1692
27159	0.06591836666666667
27161	0.14571429
27163	0.2964845333333333
27165	0.12906666666666666
27167	0.0668
27169	0.10848485333333334
27171	0.30541666666666667
28001	0.018535714
28003	0.02855
28007	0.1796
28011	0.05507070666666666
28013	0.11786666666666666
28017	0.048928573333333336
28019	0.026933333333333333
28021	0.0628125
28023	0.13666666666666666
28025	0.05794444333333333
28027	0.03110497
28029	0.12473333333333333
28031	0.14342857333333334
28035	0.026415903333333334
28037	0.056799999999999996
28039	0.10076388666666666
28041	0.38904763333333336
28043	0.033910256666666666
28045	0.047222223333333334
28047	0.015989253333333335
28049	0.014183813333333331
28051	0.19066666666666668
28053	0.058529410000000004
28059	0.04200817333333333
28061	0.20708333333333334
28063	0.044777776666666665
28067	0.048666666666666664
28069	0.07653333333333334
28071	0.04990278
28073	0.042426563333333334
28075	0.013697705333333332
28077	0.10719999999999999
28079	0.2056
28081	0.0286
28083	0.030510753333333335
28085	0.07222222
28087	0.031767196666666664
28089	0.14027363333333334
28091	0.09585034
28093	0.2019166666666667
28095	0.060487179999999995
28097	0.06507576
28099	0.1227451
28101	0.07678788
28103	0.1048
28105	0.09548611333333333
28107	0.07720238333333333
28111	0.11015152
28113	0.030795263333333333
28115	0.3222666666666667
28117	0.04941520333333333
28119	0.05383838666666667
28121	0.011029953333333333
28123	0.09855556
28125	0.03954023
28127	0.05531986333333334
28129	0.09505746666666667
28131	0.12333333333333334
28133	0.048809526666666665
28135	0.19518519
28137	0.08732456333333333
28139	0.1976
28141	0.08708333333333333
28145	0.04448801666666667
28147	0.11333333333333333
28149	0.017045455
28151	0.032727273333333334
28153	0.05725
28155	0.047017543333333335
28157	0.031133333333333332
28159	0.07358586
28161	0.10410256666666666
28163	0.23013333333333336
29001	0.04992831666666667
29005	0.04537037
29007	0.05878788
29009	0.12310077666666668
29011	0.09053333333333334
29013	0.03588888666666667
29019	0.031633933333333336
29021	0.04807052666666667
29023	0.05793427
29027	0.14351111
29029	0.07
29033	0.06906666666666667
29037	0.1402515666666667
29039	0.03739837333333333
29047	0.020638448333333333
29049	0.0595977
29051	0.08498756666666667
29053	0.06133333333333333
29055	0.12838095333333333
29065	0.03612121333333333
29069	0.0525
29071	0.12292793333333334
29073	0.07680555333333333
29075	0.04714286
29077	0.04086543
29079	0.07693333333333333
29081	0.08684210333333334
29083	0.04226804
29091	0.04081534666666667
29093	0.06022222666666666
29095	0.015959987666666665
29097	0.0490255
29099	0.18606905666666668
29101	0.12471111333333333
29105	0.12091954666666666
29107	0.17947916666666666
29109	0.05224747333333333
29113	0.38133333333333336
29115	0.022469136666666667
29117	0.11426666666666667
29121	0.1012
29123	0.023240741000000002
29127	0.06946128333333333
29145	0.0225054
29147	0.08893004
29155	0.023612774333333333
29157	0.22146666666666667
29159	0.08517240999999999
29161	0.028402203333333334
29163	0.14373333333333332
29165	0.06635739
29167	0.08139534666666666
29169	0.1484058
29171	0.03933333333333334
29175	0.04586666666666667
29177	0.08205882333333334
29181	0.09301587333333333
29195	0.07671111333333333
29199	0.02733333333333333
29201	0.06953703333333333
29207	0.12708333333333333
29211	0.078
29213	0.06972399333333333
29215	0.05484848666666667
29217	0.018714286666666666
29221	0.21159999999999998
30001	0.08453333333333334
30007	0.017651515
30009	0.21266666666666667
30011	0.013548386666666667
30013	0.044113150000000004
30015	0.012479674666666668
30017	0.031407406666666665
30019	0.008209876333333333
30021	0.027395833333333335
30025	0.021666666666666667
30027	0.028518516666666667
30029	0.11132756666666666
30031	0.30874073333333335
30033	0.009166666666666667
30035	0.10333333333333333
30039	0.0537037
30041	0.09904761666666667
30047	0.03204724333333333
30051	0.0132
30053	0.11653333333333334
30055	0.016533333333333334
30057	0.075
30059	0.014666666666666668
30061	0.013066666666666666
30063	0.04492574333333333
30065	0.03266666666666667
30067	0.0498
30071	0.19777777333333332
30073	0.014852319999999999
30077	0.15583333333333332
30079	0.018030303333333334
30081	0.16387387666666667
30083	0.020621468333333334
30085	0.06482587333333334
30087	0.05787878666666667
30089	0.023863636666666667
30091	0.011168384666666666
30095	0.06927536
30099	0.022166666666666668
30101	0.08653333333333334
30105	0.08093333333333334
30107	0.015199999999999998
30111	0.06493651
31001	0.04207039333333333
31003	0.03387387333333333
31011	0.04973333333333333
31015	0.024499999999999997
31017	0.02724637666666667
31019	0.040962733333333334
31021	0.09074073666666667
31023	0.1125
31029	0.04424242333333333
31031	0.0292
31033	0.01837758
31037	0.18293333333333334
31039	0.08826666666666667
31041	0.053047620000000004
31045	0.06626666666666667
31047	0.12793103333333333
31053	0.13374485
31055	0.05611558333333334
31057	0.01952381
31059	0.06266666666666666
31061	0.04357142666666666
31065	0.05466666666666666
31067	0.21573333333333333
31069	0.028666666666666667
31079	0.08943589666666667
31081	0.15023809999999999
31083	0.02807017666666667
31089	0.04410852666666666
31093	0.053733333333333334
31095	0.09352941000000001
31097	0.07018518333333333
31099	0.17900000000000002
31101	0.08703703333333333
31105	0.06777778
31107	0.07898550666666666
31109	0.04792220333333334
31111	0.07543103333333333
31119	0.04153025
31121	0.08866666666666667
31123	0.06366666666666668
31125	0.05754386333333334
31127	0.08604166666666667
31129	0.03506666666666666
31131	0.05351851666666666
31133	0.04212121333333334
31135	0.031166666666666665
31137	0.08466666666666667
31139	0.03933333333333334
31141	0.21882353333333332
31143	0.06854166666666667
31147	0.05972222
31149	0.012361111000000001
31151	0.12612402666666667
31153	0.21509616666666667
31155	0.31666666666666665
31159	0.13375
31161	0.0424
31169	0.05228070333333333
31173	0.09666666666666666
31175	0.04625
31177	0.18853333333333333
31179	0.10666666666666667
31181	0.06692307666666666
31185	0.10061403333333334
32001	0.08841666666666666
32003	0.06490884666666666
32005	0.21347826666666667
32007	0.14657776666666666
32013	0.025671641
32015	0.033
32017	0.041166666666666664
32019	0.08835978666666668
32021	0.015142856666666666
32023	0.07608695333333333
32027	0.026052632333333332
32031	0.04666666666666667
33001	0.02647202
33003	0.03733333333333333
33005	0.015345168
33007	0.019444445
33009	0.0049604743333333335
33011	0.03421693333333333
33013	0.023603375666666666
33015	0.03767152666666667
33017	0.022812846666666668
33019	0.0392
34001	0.019677898
34003	0.043675610000000004
34005	0.048887889999999996
34007	0.026871756666666666
34011	0.03859752
34013	0.028295856666666664
34015	0.06002736666666666
34017	0.06426695
34019	0.05338768000000001
34021	0.025361191333333335
34023	0.03500887
34025	0.02908017
34027	0.020194089999999998
34029	0.055229963333333326
34031	0.07866987333333333
34033	0.030810809999999998
34035	0.03438284
34037	0.07294520666666666
34039	0.05222716
34041	0.03197411
35001	0.05376402666666666
35005	0.08459971
35006	0.158
35007	0.05506666666666667
35009	0.11059748333333334
35015	0.04392902333333333
35017	0.028122066666666664
35019	0.10566666666666666
35025	0.08296998333333333
35027	0.12093333333333334
35029	0.2824
35031	0.11883041333333333
35035	0.08488095
35037	0.038933333333333334
35041	0.12611110666666667
35043	0.07774908
35051	0.05773333333333333
35053	0.10333333333333333
35055	0.11091954666666666
35059	0.0404
36001	0.015815148333333334
36003	0.057280700000000004
36005	0.0
36007	0.02437671
36009	0.02856631
36011	0.04457912333333333
36013	0.017535505333333333
36015	0.025442322
36017	0.044885056666666666
36019	0.006511111333333333
36021	0.020086805
36023	0.027469136666666668
36025	0.023731343333333335
36027	0.031061916666666665
36029	0.030877503333333334
36031	0.029666666666666668
36033	0.007668593333333333
36035	0.033423423333333334
36037	0.036946563333333335
36043	0.13599999999999998
36045	0.008507751666666665
36047	0.0
36049	0.056021506666666665
36051	0.05059701666666667
36053	0.03653439333333333
36055	0.03247519
36057	0.017512820000000002
36059	0.04925942
36063	0.02877474333333333
36065	0.019417423333333333
36067	0.024059696666666665
36069	0.015463659
36071	0.05230047
36073	0.06735042666666666
36075	0.04649789333333333
36077	0.011402777666666667
36079	0.07235772333333333
36081	0.0
36083	0.018526398333333333
36085	0.0
36087	0.06702309999999999
36091	0.039446590000000004
36093	0.020885996666666667
36095	0.02325
36097	0.04933333333333333
36101	0.011406727666666667
36103	0.06495063333333333
36105	0.04686390666666667
36109	0.022814466666666665
36111	0.042082053333333334
36113	0.005772357666666667
36117	0.042555553333333336
36119	0.058726433333333335
36121	0.04145161333333334
36123	0.046
37001	0.11466386666666667
37003	0.25866666666666666
37005	0.03699187
37007	0.23355555333333333
37009	0.04127193
37011	0.07426666666666668
37013	0.02547244
37015	0.5561111
37017	0.08471264666666667
37019	0.04960114
37021	0.021740295
37023	0.0359716
37025	0.05527163333333333
37027	0.12609091333333333
37031	0.050987653333333334
37035	0.044573140000000004
37037	0.33453333333333335
37039	0.017975566666666665
37041	0.02588015
37045	0.03845321
37047	0.06376623333333334
37049	0.03582857
37051	0.038403153333333336
37055	0.11936508333333333
37057	0.08587105333333334
37059	0.037862596666666665
37061	0.12029702666666668
37063	0.02654495
37065	0.07943019999999999
37067	0.024467322
37069	0.09321285333333333
37071	0.08260351333333334
37077	0.06683098333333333
37081	0.035135480000000004
37083	0.024313724999999998
37085	0.09285428999999999
37087	0.026438596666666668
37089	0.03667692333333333
37091	0.032309943333333334
37093	0.15034013333333335
37097	0.04528276666666667
37099	0.06468992333333334
37101	0.15304858000000002
37105	0.07278215333333334
37107	0.032541506666666664
37109	0.13349834333333332
37111	0.11610256666666667
37113	0.04112449666666666
37117	0.06482993333333333
37119	0.05497934333333333
37121	0.04652174
37123	0.1390991
37125	0.03196236666666667
37127	0.040603806666666666
37133	0.0706536
37135	0.015822172
37139	0.022802196666666667
37141	0.08166666666666667
37145	0.035848483333333334
37147	0.033142646666666664
37149	0.05104761666666666
37151	0.14379309999999998
37153	0.04400818
37155	0.05912979
37157	0.03316288
37159	0.052185793333333334
37161	0.07032634
37163	0.09271689999999999
37165	0.06903846000000001
37167	0.10308868333333333
37169	0.05
37171	0.04793510333333333
37173	0.020219299
37175	0.022269503333333333
37179	0.13488986666666666
37181	0.06771242
37183	0.05412189333333333
37187	0.024013605
37189	0.06304843333333333
37191	0.06718354666666666
37193	0.07835897333333333
37195	0.047676130000000004
37197	0.2771212
38001	0.025066666666666664
38003	0.15546666666666667
38009	0.07746666666666666
38011	0.03985507333333333
38015	0.08465359333333333
38017	0.04885631333333333
38019	0.06633333333333333
38021	0.0995
38023	0.02888889
38029	0.08452381
38031	0.06893333333333333
38037	0.018222222333333333
38039	0.05222222333333333
38051	0.022272726666666666
38053	0.13319444
38055	0.07702127333333333
38057	0.2441025666666667
38059	0.3559349666666667
38061	0.34
38063	0.06684210333333333
38067	0.11333333333333333
38069	0.06
38071	0.17479999999999998
38073	0.06653333333333333
38079	0.22213333333333332
38089	0.25386666666666663
38093	0.057070706666666665
38095	0.03883333333333334
38097	0.06764227666666667
38099	0.18190476666666666
38101	0.05111322
38103	0.05013333333333333
38105	0.24813333333333332
39001	0.1376
39003	0.026437751333333336
39005	0.04981029833333333
39007	0.023931623333333332
39009	0.03404081666666667
39011	0.07097618666666666
39013	0.02666666666666667
39015	0.005855953666666667
39017	0.07700417333333333
39021	0.5879166666666666
39023	0.08581481333333334
39025	0.19063063333333335
39027	0.03355555666666667
39029	0.045935423333333336
39031	0.07273809333333334
39033	0.08337778
39035	0.02095238
39037	0.10621795
39039	0.06429487333333334
39041	0.13029874
39043	0.026823899999999998
39045	0.09721568333333334
39047	0.1704
39049	0.033340386666666666
39051	0.054900283333333334
39053	0.013879210000000001
39055	0.03665480333333333
39057	0.10424892333333334
39059	0.018640523333333336
39061	0.024457448333333333
39063	0.05684908666666666
39065	0.18533333333333335
39067	0.05386666666666667
39069	0.14634408333333332
39071	0.07404761666666666
39073	0.11033333333333334
39075	0.08222222
39077	0.05918465333333334
39079	0.2225
39081	0.013696429
39083	0.05816816666666667
39085	0.05783719333333334
39087	1.1125
39089	0.08984287333333334
39091	0.05498550333333333
39093	0.03334581666666667
39095	0.018993638333333333
39097	0.08046099333333333
39099	0.023543391333333333
39101	0.07016049
39103	0.09504841
39107	0.13045454666666667
39109	0.08921568666666667
39113	0.026513398333333334
39117	0.20075757333333333
39119	0.03961578333333333
39123	0.22386666666666666
39125	0.12333333333333334
39129	0.1984146333333333
39131	0.14679999999999999
39133	0.05955850000000001
39139	0.039073666666666666
39141	0.02679933666666667
39143	0.024616915333333333
39145	0.022369208333333335
39147	0.059166666666666666
39149	0.09603703666666667
39151	0.025835094333333333
39153	0.021007158
39155	0.0397114
39157	0.08021885666666667
39159	0.09419244
39165	0.10321869666666666
39167	0.028819443333333333
39169	0.08298913333333334
39171	0.04460704333333333
39173	0.10841836666666665
39175	0.11494623333333334
40001	0.06935323333333333
40005	0.12719999999999998
40007	0.03486111
40009	0.05444444666666667
40011	0.03952380666666667
40013	0.07027027000000001
40015	0.18023809999999998
40017	0.22119243333333335
40019	0.030534591666666663
40021	0.09061224666666666
40023	0.04114583333333333
40025	0.011066666666666666
40027	0.05814945333333333
40029	0.057
40031	0.035192310000000004
40035	0.06696970000000001
40037	0.10775439
40039	0.09646090666666667
40041	0.12655173333333333
40043	0.05777778
40045	0.03386666666666667
40047	0.03385321
40049	0.06544444333333334
40051	0.13991109999999998
40055	0.05648148333333334
40057	0.02173333333333333
40059	0.0388
40061	0.09213333333333333
40063	0.08613333333333334
40065	0.14020408666666667
40067	0.05259259333333333
40069	0.0804
40071	0.03941799
40073	0.14186666666666667
40075	0.03903508666666666
40077	0.03555555666666667
40081	0.10640000000000001
40083	0.24906666666666666
40085	0.09053333333333334
40087	0.2441025666666667
40089	0.32453333333333334
40091	0.324
40093	0.0812
40095	0.11773333333333333
40097	0.12958333333333333
40099	0.10773333333333333
40101	0.03899767
40103	0.08884615666666666
40105	0.06359999999999999
40107	0.15722222666666666
40109	0.030474596666666666
40111	0.04888077666666667
40113	0.19083333333333333
40115	0.04033932
40117	0.17214285666666668
40119	0.07376543333333332
40121	0.04369918666666667
40123	0.03756536
40125	0.10535897666666667
40127	0.06536231999999999
40131	0.19884773333333333
40133	0.14375
40135	0.1591057
40137	0.06245454666666666
40139	0.2636363666666666
40141	0.03675675666666667
40143	0.033645640000000004
40145	0.10666666666666667
40147	0.055714283333333336
40149	0.12833333333333333
40151	0.09066666666666666
40153	0.06023188333333333
41001	0.017948718000000002
41003	0.019898373333333334
41005	0.04687235333333333
41007	0.005086505
41011	0.008611111
41013	0.041999999999999996
41015	0.025
41017	0.03262987
41019	0.027234043333333336
41023	0.020666666666666667
41025	0.017727273333333335
41029	0.028281346666666665
41033	0.01952
41035	0.04329932
41037	0.007605633666666667
41039	0.03323917
41041	0.0494
41043	0.06629251333333333
41045	0.17591836666666666
41047	0.07350806666666668
41049	0.11555556
41051	0.03467307
41053	0.33888888
41057	0.023866666666666668
41059	0.034959706666666666
41061	0.11626666666666667
41063	0.004269006
41065	0.044965986666666666
41067	0.048971999999999995
41071	0.05388020666666667
42001	0.1195614
42003	0.014779160666666668
42005	0.049161289999999996
42007	0.04640572666666667
42009	0.14605442
42011	0.04585137666666667
42013	0.031204013333333336
42015	0.022431371999999998
42017	0.055618980000000005
42019	0.050861326666666665
42021	0.03593715
42025	0.039204303333333336
42027	0.05444444666666667
42029	0.03891912666666667
42031	0.030961540000000003
42033	0.026774193333333335
42035	0.03270270333333333
42037	0.03412331333333333
42039	0.032329873333333335
42041	0.03569402333333333
42043	0.01588027666666667
42045	0.05573333333333333
42047	0.03195833333333333
42049	0.020896701666666666
42051	0.04171967
42055	0.04841346
42057	0.07412698
42059	0.04220779
42061	0.06920000000000001
42063	0.06361788333333333
42065	0.050714286666666664
42069	0.018644323333333334
42071	0.05242723333333334
42073	0.03091772
42075	0.04486225666666666
42077	0.024105916666666668
42079	0.032670410000000004
42081	0.03624724
42083	0.023043478333333332
42085	0.024347296666666667
42087	0.07197832
42089	0.045117946666666665
42091	0.026268978000000002
42093	0.006529471333333333
42095	0.10156195333333333
42097	0.06433525666666667
42101	0.030233586666666666
42105	0.021638419000000002
42107	0.04690674
42111	0.04046130666666667
42115	0.02384615433333333
42117	0.05795180666666667
42119	0.05351706333333334
42121	0.029430893333333336
42123	0.00818399
42125	0.03283499333333333
42127	0.012739273333333332
42129	0.03919201666666667
42131	0.03854166666666667
42133	0.047408425
44003	0.06817084666666666
44005	0.04258398
44007	0.047079256666666666
44009	0.04657777666666667
45001	0.14213333333333333
45003	0.09756462666666667
45005	0.06186666666666666
45007	0.040498896666666666
45011	0.06698113333333333
45013	0.07892276
45015	0.515
45019	0.032352225000000005
45021	0.06410666666666666
45023	0.07170732
45025	0.10858756666666668
45027	0.055318349999999995
45029	0.04033078833333333
45031	0.06099291
45033	0.07299578333333333
45035	0.2088141
45037	0.17146666666666666
45039	0.15039999999999998
45041	0.025712351666666664
45043	0.033411633333333336
45045	0.05188636333333333
45047	0.028224999999999997
45049	0.09447916666666667
45051	0.06848561
45053	0.09138211666666667
45055	0.08820936666666666
45057	0.05146245
45059	0.12100876666666667
45061	0.1565
45063	0.07607914
45067	0.038897846666666666
45069	0.05663120000000001
45071	0.08614814666666666
45073	0.07739644999999999
45075	0.046179403333333334
45077	0.15390243333333334
45079	0.025917747666666668
45083	0.051466946666666666
45085	0.05386336666666666
45087	0.028461540000000004
45089	0.23613333333333333
45091	0.1146507
46005	0.32053333333333334
46007	0.07976190666666666
46011	0.18088435
46013	0.07738372333333333
46015	0.08066666666666666
46027	0.19746666666666668
46029	0.12473251333333332
46031	0.11805556
46033	0.18787878666666666
46035	0.1262686533333333
46037	0.05973333333333334
46039	0.12166666666666667
46043	0.09969696666666666
46045	0.08
46049	0.08166666666666667
46051	0.10013333333333332
46053	0.03699187
46055	0.03388889
46059	0.09030303333333334
46065	0.12033333333333333
46067	0.042133333333333335
46073	0.051666666666666666
46077	0.2627777866666667
46079	0.06553191666666666
46081	0.11489898666666666
46083	0.16737288
46089	0.08833333333333333
46091	0.03666666666666667
46093	0.2622666666666667
46099	0.0633672
46101	0.08740740333333334
46103	0.06354289333333334
46107	0.16055556
46109	0.10946666666666668
46113	0.0
46115	0.08493333333333333
46121	0.10028571333333333
46123	0.07706666666666667
46125	0.24333333333333335
46127	0.12061403333333333
46129	0.07440000000000001
46135	0.02960055
46137	0.10666666666666667
47001	0.041428573333333336
47003	0.04746835333333333
47005	0.12893333333333334
47007	0.17400000000000002
47009	0.05028322666666667
47011	0.06200191333333334
47013	0.05161111333333333
47015	0.052777776666666665
47017	0.061014493333333336
47019	0.09101928
47021	0.5380555666666667
47025	0.04439215666666666
47027	0.06353535333333334
47029	0.08666666666666667
47031	0.052424243333333335
47035	0.05363315666666666
47037	0.0375951
47039	0.08549999999999999
47043	0.07180466666666667
47045	0.05231111333333333
47047	0.8503333333333333
47049	0.054274506666666666
47051	0.048863196666666664
47053	0.1266
47055	0.06147368
47059	0.052986109999999996
47063	0.046004416666666666
47065	0.03654737666666667
47067	0.07966666666666666
47069	0.32266666666666666
47071	0.11637929999999999
47073	0.16340000000000002
47075	0.16638889333333334
47077	0.1625185133333333
47079	0.04267605666666666
47081	0.18666666666666668
47083	0.08493333333333333
47085	0.1144
47089	0.15844826666666667
47091	2.6066666666666665
47093	0.025250055
47097	0.2966666666666667
47099	0.10865319999999999
47103	0.14612245
47105	0.18206666666666665
47107	0.04044529333333333
47111	0.27040000000000003
47113	0.02059475666666667
47115	0.06710784333333333
47117	0.2732
47119	0.09150327
47123	0.14960451666666666
47125	0.09788888999999999
47131	0.07277372333333333
47133	0.04856725
47135	0.03628930666666667
47139	0.10946666666666668
47141	0.08952766666666667
47143	0.28040000000000004
47145	0.10733333333333334
47147	0.1393578
47149	0.11445533333333333
47151	0.18346666666666667
47155	0.25164556666666665
47157	0.03244111666666667
47159	0.15095237666666667
47163	0.022377305
47165	0.08305144666666667
47167	0.13936666666666667
47169	0.26133333333333336
47171	0.178
47177	0.07664
47179	0.029804156666666668
47181	0.08616666666666667
47183	0.05747619
47185	0.11594444333333333
47187	0.1950963
47189	0.060993193333333334
48001	0.06935897333333334
48003	0.11323530000000001
48005	0.029907803333333333
48013	0.08696517333333334
48015	0.0728125
48017	0.06826666666666667
48021	1.0745833333333332
48023	0.004421768666666667
48025	0.10231884
48027	0.023846704
48029	0.034408433333333335
48035	0.0772
48037	0.010416171666666666
48039	0.13178001333333333
48041	0.06046906
48043	0.09746666666666666
48049	0.03654639333333333
48051	0.09693333333333333
48053	0.07615023333333333
48055	0.11435028
48057	0.1396
48061	0.059640116666666666
48063	0.06586666666666667
48067	0.03936274666666666
48069	0.10137254666666667
48071	0.19726495
48073	0.013923853333333333
48075	0.08700854666666667
48077	0.05866666666666667
48079	0.030740740000000003
48083	0.026
48085	0.039093913333333334
48087	0.027291666666666665
48089	0.02407767
48091	0.049818006666666664
48093	0.08466666666666667
48095	0.027291666666666665
48097	0.05871795
48099	0.36573333333333335
48103	0.0328
48107	0.025733333333333334
48109	0.055952383333333335
48113	0.05300099666666667
48115	0.19439393333333332
48121	0.06242245333333333
48127	0.028819443333333333
48133	0.027948716666666668
48135	0.05205779666666666
48139	0.1206867
48143	0.056292513333333336
48145	0.07907407000000001
48147	0.012334385
48149	0.033692309999999996
48151	0.04523809333333333
48153	0.02826666666666667
48159	0.017619046666666666
48161	0.049369369999999996
48163	0.10450000000000001
48165	0.14293333333333333
48167	0.07560243333333333
48171	0.031124033333333335
48177	0.13235294333333333
48179	0.04107246333333334
48181	0.027990033333333334
48183	0.02172335666666667
48185	0.1992
48187	0.12914666666666666
48189	0.17503788
48193	0.026587302
48195	0.0348
48197	0.009185185333333333
48201	0.039075603333333334
48203	0.04337807666666667
48205	0.041746029999999996
48207	0.014266666666666667
48209	0.08386406
48211	0.03628205
48213	0.08378917666666666
48215	0.06489103333333333
48217	0.025797979
48219	0.10236111333333334
48221	0.07975903666666666
48223	0.0325
48225	0.07773333333333333
48227	0.021419048333333333
48231	0.040121953333333335
48233	0.10053333333333334
48237	0.05803921333333334
48239	0.11786666666666666
48241	0.032146893333333336
48245	0.023327186666666666
48251	0.17170316666666666
48253	0.059157893333333336
48255	0.13906666666666667
48257	0.04920557
48265	0.006739130666666666
48267	0.03088888666666667
48273	0.04256666666666666
48275	0.015357143333333333
48277	0.026174725
48279	0.05208889
48281	0.064
48285	0.09666666666666666
48291	0.06620097999999999
48293	0.036835440000000004
48299	0.041222223333333335
48303	0.07420253666666667
48305	0.05902778
48307	0.037066666666666664
48309	0.07991004333333333
48313	0.11826666666666666
48317	0.04925926
48321	0.062355556666666666
48323	0.17363036
48325	0.22599999999999998
48329	0.04267065333333333
48331	0.06819048
48335	0.05266666666666667
48337	0.033448276666666665
48339	0.04412200333333333
48341	0.23173333333333332
48347	0.017974359333333335
48349	0.06242798333333333
48353	0.03619608
48355	0.038427699999999995
48357	0.092
48361	0.23741666666666664
48365	0.039319726666666666
48367	0.13162666666666667
48369	0.104
48371	0.07203252
48373	0.09136363333333333
48375	0.039045239999999995
48381	10.395833333333334
48383	0.10761904333333333
48389	0.10239999999999999
48391	0.06216666666666666
48397	0.07464705666666667
48399	0.029400000000000003
48401	0.04666666666666667
48403	0.017866666666666666
48413	0.03214286
48415	0.23133333333333336
48423	0.027571676666666663
48425	0.06708333333333333
48427	0.32819445333333336
48429	0.029666666666666668
48433	0.005166666666666667
48435	0.06638888666666666
48437	0.0525
48439	0.05609443333333334
48441	0.035964503333333335
48445	0.08444444666666667
48447	0.006190476
48449	0.03841463333333334
48453	0.035188576666666666
48455	0.017555556666666666
48457	0.02340136
48461	0.006439393666666667
48463	0.16986666666666667
48469	0.024190871
48471	0.12449864666666667
48475	0.06
48477	0.0575
48479	0.12998846666666666
48481	0.028698413333333336
48483	0.02268292666666667
48485	0.03234213666666667
48487	0.003983503333333333
48491	0.055692106666666664
48493	0.10121212
48495	0.06157894666666666
48497	0.044347826666666666
48499	0.0688
48501	0.09347222
48503	0.05313432666666667
49001	0.015416666666666667
49005	0.17369732
49007	0.07897436000000001
49011	0.11979051
49013	0.04340136333333334
49017	0.05711111
49019	0.06901961
49021	0.16777777333333332
49023	0.07466666666666666
49025	0.03373333333333333
49027	0.05162162
49039	0.11620155333333335
49041	0.11827586
49043	0.22882883333333334
49045	0.2668181866666667
49047	0.08316238999999999
49049	0.1367527
49051	0.46157893333333333
49053	0.07061774
49057	0.08450194666666667
50001	0.028800000000000003
50003	0.009124579333333332
50005	0.023466666666666667
50007	0.011257414
50011	0.016619048
50015	0.024933333333333335
50017	0.035866666666666665
50019	0.028933333333333332
50021	0.008157181666666666
50023	0.01345
50025	0.004570596666666666
50027	0.015500000000000002
51003	0.025766081666666666
51005	0.0073821139999999995
51013	0.07082834333333334
51015	0.024915032333333333
51017	0.011866666666666666
51027	0.037959183333333334
51041	0.07471388
51047	0.11757142333333334
51051	0.05946666666666667
51053	0.019312168666666667
51057	0.013333333333333334
51059	0.06308404333333333
51061	0.06079037999999999
51067	0.16702703333333335
51071	0.026
51073	0.02880597
51083	0.015729166666666666
51085	0.019482992333333334
51087	0.03102812666666667
51103	0.011184210666666666
51105	0.052095238333333335
51107	0.08239538333333334
51117	0.036262626666666666
51121	0.055950520000000004
51131	0.008438228666666667
51135	0.02159891666666667
51139	0.094
51141	0.0736
51155	0.023777776666666667
51161	0.10681818666666668
51165	0.03841736666666667
51167	0.04457265
51171	0.21853333333333333
51173	0.01117595
51177	0.12033333333333333
51179	0.12919999999999998
51185	0.01968254
51187	0.056666666666666664
51191	0.028937583333333333
51195	0.08016666666666666
51197	0.028179013333333332
51199	0.02386207
53001	0.08526315666666666
53003	0.10546666666666667
53005	0.07153616666666666
53007	0.05689243333333334
53009	0.011717791666666666
53011	0.05381902
53013	0.0077333333333333325
53015	0.028778876666666668
53019	0.0176
53021	0.23698113333333334
53023	0.004444444666666666
53025	0.10238351333333333
53029	0.03355263
53031	0.025066666666666664
53033	0.029282803333333333
53035	0.026150481
53037	0.17426666666666668
53039	0.025
53041	0.041653333333333334
53043	0.007843137666666666
53045	0.14933333333333332
53047	0.053772893333333335
53049	0.018562091333333332
53053	0.03008444
53057	0.03902439
53061	0.06934298333333333
53063	0.03612972
53065	0.03159259166666667
53067	0.026554149
53073	0.03704875
53075	0.1674
53077	0.10638888666666667
54001	0.02513888833333333
54003	0.07220513333333332
54005	0.10226666666666667
54007	0.0212
54009	0.012857143333333335
54011	0.011611163333333334
54013	0.007539682333333334
54019	0.04620567333333333
54023	0.03977777666666667
54025	0.021092896666666666
54027	0.04143939333333333
54033	0.015028664333333334
54035	0.11226666666666667
54037	0.22986666666666664
54039	0.014801324333333333
54041	0.004560606
54045	0.028095240000000004
54047	0.019032256666666667
54049	0.018373590999999998
54051	0.05925926333333333
54053	0.011956882333333333
54055	0.013142402333333334
54057	0.23306666666666667
54059	0.04745614
54061	0.013343728333333334
54065	0.03325203333333333
54067	0.014698413333333334
54069	0.010122471000000001
54075	0.038533333333333336
54077	0.06266666666666666
54079	0.11328571333333334
54081	0.013713883333333333
54083	0.035500000000000004
54087	0.012611111
54089	0.041466666666666666
54091	0.060533333333333335
54095	0.054722219999999995
54097	0.03862745
54101	0.022
54103	0.028333333333333332
54107	0.031628786666666665
55001	0.16813333333333333
55003	0.08161904666666667
55005	0.14833333333333334
55009	0.06562858666666667
55013	0.12853333333333333
55015	0.6076
55017	0.08246177666666667
55019	0.18136054999999998
55021	0.13625850666666667
55023	0.19733333333333333
55025	0.04903354
55027	0.13428571
55029	0.2517333333333333
55031	0.3676
55033	0.4325333333333333
55043	0.16207842666666666
55045	0.06901754333333333
55049	0.19853333333333334
55053	0.27213333333333334
55055	0.43537413333333336
55057	0.17700000000000002
55059	0.07615731666666667
55065	0.16226666666666667
55067	0.2312
55069	0.17410853333333334
55071	0.08656779666666667
55073	0.08811364
55075	0.21315151333333332
55079	0.05491918
55081	0.1327111
55083	0.35
55085	0.050426356666666665
55087	0.10130883333333333
55089	0.06173824333333333
55091	0.0736
55095	0.10393574333333333
55097	0.18882979
55099	0.11893333333333334
55101	0.07903030333333333
55103	0.13146666666666665
55105	0.06447990333333334
55107	0.13666666666666666
55111	0.06917089333333333
55113	0.13586666666666666
55115	0.5506666666666666
55117	0.09287387333333334
55119	0.03536912666666667
55121	0.21255813333333334
55123	0.089
55125	0.192
55127	0.19890547333333333
55129	0.04031111
55131	0.2651536666666667
55133	0.08138953
55135	0.5860000000000001
55137	0.256
55139	0.06518844
55141	0.02772751666666667
56001	0.11043771
56005	0.12511111
56007	0.10840000000000001
56009	0.09346666666666667
56011	0.07145833333333333
56013	0.04912634666666667
56015	0.1168
56019	0.053200000000000004
56021	0.10033980666666667
56023	0.06456140666666667
56025	0.05098143333333333
56027	0.018611111666666666
56029	0.10493333333333334
56031	0.04973333333333333
56033	0.08587121333333333
56037	0.06611594666666666
56039	0.12861110666666667
56041	0.01882963
56043	0.11018519
56045	0.11888889333333334
66010	0.0
72005	0.021103895666666667
72009	0.008133333333333333
72013	0.018670756666666666
72015	0.022719299
72021	0.02358229666666667
72025	0.027961686666666666
72031	0.08097281666666666
72035	0.013846154333333333
72041	0.011095678666666666
72053	0.013440366666666669
72057	0.009784411666666666
72081	0.09125
72091	0.008246410000000001
72097	0.008181276666666666
72099	0.02776729666666667
72113	0.007486995
72141	0.2576190333333333
72153	0.025206350000000002
