County,current,Predicted,change
ca.kings,14.714902,9.871922,4.8429804
ca.ventura,57.90583,144.55606,-86.65023
ca.los angeles,28.150316,156.84335,-128.69304
ca.riverside,16.189173,4.4413705,11.747803
ca.modoc,1.2920353,2.159292,-0.86725664
ca.monterey,22.561161,27.349306,-4.788145
tx.nueces,11.52831,13.211324,-1.6830139
ca.orange,11.538681,14.996905,-3.4582243
ca.tulare,11.80441,13.159156,-1.3547459
ms.tishomingo,26.125,30.333334,-4.208334
la.iberia,19.289099,23.625593,-4.3364944
tx.houston,23.32,30.8,-7.4799995
la.rapides,5.817647,7.194958,-1.3773112
la.union,28.407408,32.814816,-4.4074078
la.concordia,17.63077,25.569231,-7.9384613
la.caldwell,11.230769,16.784615,-5.5538454
ga.franklin,6.95,7.835,-0.8850002
ca.alameda,7.710642,9.217678,-1.5070362
il.perry,20.208956,32.865673,-12.656717
ga.chatham,6.8699236,7.1795173,-0.30959368
ga.floyd,10.265905,11.65416,-1.3882542
ga.upson,14.469565,15.982609,-1.5130434
ga.sumter,18.513159,18.31579,0.19736862
ga.meriwether,7.880734,8.220183,-0.3394494
ga.coweta,26.62288,30.20339,-3.5805092
pr.metro,0,0,0
wi.brown,19.688576,23.007042,-3.3184662
wi.milwaukee,16.475754,21.742054,-5.2663
pr.bayamon,7.074689,7.7479253,-0.67323637
la.lafourche,25.995073,30.945812,-4.950739
la.east feliciana,4.480237,5.0671935,-0.5869565
la.jefferson,13.1867075,16.985794,-3.7990866
wi.fond du lac,46.528038,61.01402,-14.485981
ri.providence,14.123777,19.34994,-5.226162
wi.monroe,39.81333,56.066666,-16.253334
wi.lincoln,52.23256,74.860466,-22.627907
ca.shasta,8.355177,12.321101,-3.9659243
ca.santa barbara,12.151803,13.390892,-1.239089
ga.stewart,25.52,28.52,-3
ca.san bernardino,18.517374,24.827862,-6.3104877
ca.san diego,11.799905,15.65534,-3.8554354
ca.san francisco,3.3737085,3.9751244,-0.6014159
ca.sonoma,6.757122,7.50845,-0.751328
ca.solano,16.739653,20.627502,-3.8878498
ca.yolo,37.01282,51.910255,-14.897434
ca.san joaquin,24.075,27.085155,-3.0101547
ca.lake,18.67742,18.887096,-0.20967674
ca.madera,16.164503,18.166666,-2.002163
ca.santa clara,9.687418,12.669379,-2.9819613
ca.san mateo,6.764423,7.8930287,-1.1286058
ca.contra costa,14.293528,17.237833,-2.9443054
ca.sacramento,13.092395,17.327324,-4.234929
ca.nevada,10.920455,20.977272,-10.056817
ca.sutter,49.717392,92.315216,-42.597824
ga.pickens,25.26923,29.846153,-4.5769234
ga.clarke,14.299173,15.32562,-1.0264463
ga.cobb,22.209974,24.681103,-2.4711285
ri.washington,13.973333,18.822222,-4.8488884
wi.dane,14.710062,19.68288,-4.9728184
wi.ozaukee,18.521473,26.16871,-7.647238
wi.green lake,61.84,76.32,-14.48
ar.benton,24.25176,29.809858,-5.558098
wi.polk,31.180723,52.55422,-21.373495
wi.st. croix,52.37,76.38,-24.009998
wi.sheboygan,27.862162,37.2973,-9.435137
wi.vernon,26.7,37.16,-10.459999
wi.winnebago,19.556532,23.123116,-3.5665836
dc.district of columbia,5.5989776,6.6584573,-1.0594797
fl.pasco,11.797222,14.486806,-2.6895838
fl.palm beach,14.212698,16.747646,-2.5349483
fl.osceola,20.880642,24.907722,-4.0270805
ma.bristol,16.024755,22.40456,-6.3798046
ma.norfolk,10.394456,13.32516,-2.930704
fl.clay,21.322115,24.58173,-3.259615
fl.marion,15.695321,17.56148,-1.8661585
ct.tolland,0,0,0
fl.martin,12.025089,13.071685,-1.0465956
ma.suffolk,6.3968515,7.67946,-1.2826085
ma.essex,29.167795,38.64885,-9.481054
ma.hampden,11.057529,15.594473,-4.5369434
ky.adair,15.621622,20.45946,-4.837837
ia.decatur,14.52,19.72,-5.199999
ks.anderson,10.658537,14.414634,-3.7560968
ks.kearny,17.48,28.92,-11.440001
ks.ottawa,7.5,10.619047,-3.1190472
ma.barnstable,8.839244,13.425532,-4.5862885
ma.middlesex,13.437349,17.97253,-4.535181
ar.sebastian,7.455238,8.768572,-1.313334
ar.white,6.7173915,9.27668,-2.5592885
ar.yell,24.526316,29.131578,-4.6052628
ar.clark,40,48.88,-8.880001
ar.carroll,35.82979,40.51064,-4.680851
ar.chicot,32.175,37.625,-5.450001
ar.bradley,18.285715,29.428572,-11.142857
ar.randolph,23.34,27.08,-3.7399998
ar.dallas,14.68,22.32,-7.6399994
ar.crittenden,16.612904,19.801844,-3.18894
ar.ouachita,10.05,15.89,-5.84
ar.boone,11.948276,15.160919,-3.2126436
ar.stone,22.92,22.08,0.84000015
ar.clay,43.4,58,-14.599998
ar.cleburne,34.16,42.68,-8.52
ar.conway,24.542856,36.6,-12.057142
ar.pulaski,4.5261035,5.264594,-0.7384906
ar.garland,6.852941,8.436533,-1.5835919
ar.hot spring,30.99,36.45,-5.460001
ar.jefferson,11.158634,12.216867,-1.0582333
ar.washington,16.119665,18.505566,-2.3859005
wi.outagamie,30.39265,35.52998,-5.137329
ar.polk,15.184615,24.307692,-9.123076
ar.logan,26.95122,35.682926,-8.731707
ar.cross,41.16,47.84,-6.6800003
az.pima,0,0,0
ar.arkansas,14.324325,16.27027,-1.9459448
ky.casey,31.5,46.625,-15.125
ky.estill,21.24,24.64,-3.3999996
ky.floyd,6.540179,10.669642,-4.1294637
ky.jefferson,8.978666,11.530256,-2.55159
ky.oldham,16.053476,23.005348,-6.951872
ma.worcester,13.035455,18.150791,-5.1153364
me.aroostook,0.9296875,1.8398438,-0.91015625
me.kennebec,1.4645162,2.304516,-0.8399999
me.lincoln,2.4415584,4.051948,-1.6103897
mi.gladwin,40.36,73.36,-33
mi.luce,38.48,55.4,-16.920002
mi.alger,35,50.090908,-15.090908
mi.livingston,38.480225,63.909603,-25.429379
mi.hillsdale,31.938461,56.8,-24.861538
mi.oakland,12.065389,17.793686,-5.728297
mi.berrien,15.810547,25.605469,-9.794922
mi.isabella,24.516949,37.83898,-13.322033
mi.mason,15.530612,23.714285,-8.183673
mi.van buren,41.285713,67,-25.714287
mi.sanilac,18.261538,39.03077,-20.769232
mi.wayne,12.195377,17.062777,-4.867399
mn.freeborn,11,17.26415,-6.2641506
mn.goodhue,24.423077,42.08654,-17.663464
mn.martin,24.263159,32.035088,-7.771929
mn.brown,17.254902,32.480392,-15.225491
mo.boone,9.49018,12.368249,-2.878069
nd.morton,106.78049,135.17073,-28.390244
nd.grant,5.4666667,7.366667,-1.9000001
in.madison,16.868158,24.708956,-7.8407974
in.st. joseph,25.705301,34.799015,-9.093714
nv.clark,19.472654,24.987623,-5.514969
pa.philadelphia,9.070076,12.356615,-3.286539
pa.montour,1.9588414,6.565549,-4.6067076
ga.cherokee,77.40506,91.23418,-13.829117
ga.cook,8.291667,10.275,-1.9833326
mt.hill,29.714285,38.2449,-8.530615
sc.charleston,9.7056675,10.552102,-0.8464346
ga.dekalb,9.884123,11.02977,-1.145647
va.page,28.2,29.88,-1.6799984
oh.portage,17.86755,27.850994,-9.983444
tx.travis,10.556573,11.930333,-1.3737602
tx.tarrant,16.82833,21.381521,-4.553192
wa.lewis,12.496,16.4,-3.9039993
in.hamilton,27.98752,43.876755,-15.889235
wi.waukesha,24.416859,35.485058,-11.068199
wi.marathon,26.434092,35.986362,-9.552271
wi.oneida,15.127907,19.75,-4.622093
oh.montgomery,7.9540195,11.554367,-3.6003475
wi.portage,56.648937,71.11702,-14.468082
wi.wood,8.318255,12.303716,-3.9854603
wi.walworth,59.671642,83.231346,-23.559704
wi.washington,79.5461,109.73759,-30.19149
wi.kenosha,22.847195,31.516441,-8.669247
wi.manitowoc,25.970339,33.033897,-7.0635586
in.shelby,82.45,122.025,-39.575005
tx.lubbock,22.260761,29.279476,-7.018715
in.wabash,121.5,219.83333,-98.33333
in.lake,12.5457945,18.145046,-5.5992517
in.perry,39.48,55.68,-16.2
oh.trumbull,11.91342,21.443,-9.529581
or.hood river,20.88,31.8,-10.92
il.kankakee,20.619658,33.28846,-12.668802
or.grant,6.2,12.76,-6.5600004
ny.dutchess,9.318575,12.794816,-3.476241
ny.erie,9.263251,15.443589,-6.180338
ny.monroe,9.742557,17.120476,-7.377919
ny.nassau,14.777826,18.269783,-3.4919567
oh.summit,6.3021474,9.964724,-3.6625762
ny.onondaga,7.217909,11.339026,-4.1211176
ny.orange,15.690141,18.196354,-2.5062132
nh.rockingham,11.301458,18.006483,-6.7050247
ny.rensselaer,5.5579195,8.498818,-2.940899
ny.st. lawrence,3.7805643,7.119122,-3.3385577
wa.san juan,2.68,4.16,-1.4799998
ny.rockland,20.10693,21.93841,-1.83148
ny.saratoga,11.833977,17.293436,-5.4594593
il.lake,42.364185,58.921528,-16.557343
il.knox,15.827751,22.138756,-6.3110046
md.baltimore city,5.760423,7.3913226,-1.6308994
ny.steuben,3.4220183,4.188073,-0.76605487
nh.sullivan,11.76,19.08,-7.3199997
nh.strafford,6.843854,10.295681,-3.451827
nh.hillsborough,10.26508,15.658454,-5.3933735
nh.merrimack,7.0810127,11.749367,-4.668354
ny.suffolk,19.48519,26.25288,-6.7676907
ky.fayette,7.7260804,9.916667,-2.1905866
ny.ulster,12.624616,17.963078,-5.338462
ny.wayne,12.766666,20.433332,-7.666666
ny.westchester,17.61793,22.798454,-5.180525
ky.grayson,14.1866665,19.546667,-5.3600006
ky.greenup,9.331579,14.373684,-5.0421047
il.morgan,23.768518,36.833332,-13.064814
md.washington,14.583333,22.026882,-7.443549
ky.garrard,50.8,68.73333,-17.93333
ny.bronx,0,0,0
ky.franklin,10.0404625,13.109827,-3.0693645
ny.kings,0,0,0
ny.new york,0,0,0
ny.queens,0,0,0
il.vermilion,10.583893,14.496644,-3.9127512
ky.warren,11.376534,13.58663,-2.2100954
ks.sedgwick,25.357828,38.804314,-13.4464855
ky.lincoln,41.08,62.4,-21.32
ky.livingston,15.72,23.72,-7.999999
ny.montgomery,5.253846,10.092308,-4.838462
il.grundy,37.16854,59.876404,-22.707863
il.winnebago,23.4785,30.33517,-6.8566704
ny.clinton,1.9533334,2.7566667,-0.8033333
md.montgomery,19.739813,23.67137,-3.9315567
il.will,44.132744,65.24582,-21.113075
md.prince george's,55.088516,64.60766,-9.519142
ny.chautauqua,5.2606516,6.6766915,-1.41604
ny.ontario,4.6390977,7.010025,-2.3709273
ky.henderson,12.583333,14.65625,-2.072917
il.jefferson,12.954286,18.137142,-5.1828566
il.kane,32.58129,45.783833,-13.202541
ky.woodford,40.72,61.12,-20.399998
tx.mcculloch,11.12,13.24,-2.12
tx.jackson,35.36,39.08,-3.7200012
tx.schleicher,9.642858,18.857143,-9.214286
ky.taylor,16.3,23.677778,-7.377779
tx.cochran,9.222222,11.222222,-2
md.allegany,9.707317,20.760532,-11.053215
md.anne arundel,28.630014,34.857357,-6.2273426
il.piatt,55.125,89.125,-34
il.peoria,9.63369,13.698752,-4.0650625
il.pike,54.42857,82.47619,-28.047619
ok.okmulgee,14.664233,17.40146,-2.7372274
il.adams,15.844776,23.295523,-7.4507465
ok.oklahoma,9.142379,12.173691,-3.031312
il.cook,18.014511,24.569792,-6.5552807
tx.wood,20.64,24,-3.3600006
tx.lavaca,29,31.94,-2.9400005
tx.hutchinson,30.16,41.04,-10.880001
ky.russell,38.24,53.08,-14.84
wv.raleigh,4.114165,5.87315,-1.758985
ky.rockcastle,25.73077,29.461538,-3.7307682
md.cecil,11.918919,15.72973,-3.810811
ky.johnson,13.097222,19.125,-6.0277777
wv.jefferson,68.96,112.12,-43.160004
wv.fayette,13.861702,16.51064,-2.6489372
wv.calhoun,2.2619047,4.047619,-1.7857141
wv.cabell,3.483349,4.8487153,-1.3653662
wv.mercer,3.9427207,5.274463,-1.3317425
wv.mason,3.5870647,8.323383,-4.7363186
wv.boone,30.68,39.68,-9
wv.pocahontas,11.56,36.52,-24.96
wv.preston,18.8,39.36,-20.560001
wv.lewis,1.3681818,2.0363636,-0.6681818
ks.wyandotte,5.9934335,7.134146,-1.1407127
wv.upshur,11.588235,15.137255,-3.5490198
wv.berkeley,21.66154,32.307693,-10.646154
wv.monongalia,4.0031185,4.8357587,-0.8326402
wv.marshall,17.777779,31.188889,-13.41111
il.effingham,22.376713,34.410957,-12.034245
ky.mason,6.71,12.89,-6.1800003
ky.boone,22.12915,35.686348,-13.557198
ky.bell,6.736111,8.819445,-2.0833335
il.rock island,21.77027,31.213964,-9.443695
il.sangamon,11.053589,16.84019,-5.786602
ky.boyle,6.9796953,10.685279,-3.7055836
il.champaign,22.132969,28.941711,-6.8087425
wi.washburn,12.093333,19.613333,-7.5199995
ky.marion,17.013334,24.786667,-7.7733326
ky.muhlenberg,17.966667,22.333334,-4.366667
ky.caldwell,30.44,42.04,-11.6
ky.barren,12.461111,15.783334,-3.3222227
ok.pontotoc,11.269608,16.941177,-5.67157
ok.major,24.36,39.52,-15.16
ok.latimer,10.666667,12.424242,-1.757575
il.mason,41.7,61.5,-19.8
ky.christian,4.3295164,5.1870227,-0.8575063
ky.pike,4.847682,6.624724,-1.7770419
sd.haakon,10.166667,11.944445,-1.7777777
ok.pittsburg,13.109756,15.554878,-2.4451218
il.mclean,27.86533,40.664757,-12.799427
ky.perry,3.5810056,4.905028,-1.3240223
il.macon,16.62037,22.94213,-6.3217583
il.mchenry,46.89796,69.259476,-22.361515
nh.carroll,11.2,22.34,-11.14
nh.cheshire,4.6035504,8.928994,-4.3254437
nh.grafton,1.4881423,2.306324,-0.81818175
ok.delaware,37.96552,44.87931,-6.9137917
nh.belknap,7.941606,15.642336,-7.70073
md.dorchester,2.7603912,3.0660148,-0.30562353
ok.garfield,10.155963,12.55734,-2.4013767
ok.jackson,42.061226,54.632652,-12.571426
ok.haskell,27.64,34.48,-6.84
il.dupage,28.128723,40.621807,-12.493084
ok.woodward,18.069565,20.278261,-2.2086964
ky.kenton,6.99076,10.707392,-3.716632
ok.comanche,10.557693,15.3634615,-4.805769
ok.creek,32.326317,42.494736,-10.168419
ok.payne,22.12963,26.26389,-4.13426
ok.choctaw,12.34375,15.15625,-2.8125
ok.cleveland,17.444836,21.408451,-3.9636154
ok.seminole,43.125,52.21875,-9.09375
ok.tulsa,10.093692,12.7074795,-2.6137877
ok.carter,9.1603775,13.146227,-3.9858494
ok.rogers,59.65432,77.888885,-18.234566
ok.beckham,16.333334,18.35484,-2.0215054
ok.wagoner,32,39.54,-7.540001
wi.marinette,63.945454,80.181816,-16.236362
ok.stephens,18.736364,27.89091,-9.154545
ok.tillman,11.027027,16.702703,-5.6756763
tn.mcminn,12.133588,14.7213745,-2.5877867
nh.coos,5.8333335,9.833333,-3.9999995
il.montgomery,28.08,36.3,-8.219999
il.warren,55.347828,78.78261,-23.43478
il.whiteside,31.622223,47.444443,-15.82222
il.schuyler,9.934783,17.456522,-7.521739
il.logan,84.04,142.8,-58.760002
il.massac,29.6,57.48,-27.88
il.edgar,41.84,72.52,-30.679996
ak.kenai peninsula,0,0,0
ky.daviess,8.356736,11.259962,-2.903226
ak.fairbanks north star,0,0,0
ak.matanuska-susitna,0,0,0
ak.valdez-cordova,0,0,0
ak.northwest arctic,0,0,0
ak.sitka,0,0,0
ms.webster,14.105263,16.868422,-2.7631588
tn.maury,27.450981,35.960785,-8.509804
tn.madison,6.178427,6.941532,-0.7631049
mt.cascade,13.233945,19.84633,-6.6123857
wy.uinta,5.648889,9.284445,-3.6355557
tn.henry,12.802817,18.15493,-5.352113
ky.mercer,35.8,48.72,-12.920002
tn.anderson,12.428572,16.142857,-3.714285
tn.bledsoe,52.2,55.88,-3.6800003
tn.davidson,11.27853,13.716527,-2.4379969
tn.hamilton,10.964213,13.898186,-2.9339724
tn.robertson,41.80734,53.752293,-11.944954
tn.campbell,15.483334,18.058332,-2.5749989
tn.washington,8.941247,11.366906,-2.4256592
tn.williamson,58.52889,75.12889,-16.600002
tn.rhea,84.12,104.4,-20.279999
tn.rutherford,34.3366,42.818626,-8.482025
tn.knox,7.5750165,8.975212,-1.4001956
tn.sullivan,6.7131915,8.647659,-1.9344678
tn.hancock,23.9,43.5,-19.6
ks.coffey,4.730769,6.3333335,-1.6025643
ny.richmond,0,0,0
pr.ponce,2.2460985,2.477791,-0.23169255
ks.cowley,31.080645,52.98387,-21.903227
ks.wilson,8.734694,13.734694,-5
ks.barton,22.950617,33.51852,-10.5679035
ks.pottawatomie,4.384181,5.5706215,-1.1864405
la.calcasieu,11.474627,13.954228,-2.4796019
pr.aguadilla,6.3311687,7.376623,-1.0454545
pr.mayaguez,2.454383,2.7280858,-0.27370286
pr.san german,2.0048308,2.2222223,-0.21739149
il.st clair,0,0,0
pr.cayey,4.1538463,5.019231,-0.8653846
pr.san juan,4.854435,5.4012876,-0.5468526
pr.manati,2.473923,2.739229,-0.265306
tx.brazoria,39.534004,42.259445,-2.725441
tx.harris,11.722681,12.213811,-0.49112988
tx.chambers,59.179485,67.589745,-8.410259
il.marion,21.814816,32.051853,-10.237038
fl.union,5.921659,6.456221,-0.5345621
fl.orange,12.629683,14.832548,-2.2028656
fl.escambia,9.721748,11.337954,-1.6162052
fl.hillsborough,11.079062,12.351933,-1.2728701
tx.eastland,8.384615,9.807693,-1.4230776
tx.el paso,32.33227,45.54542,-13.21315
tx.freestone,14.810811,15.8918915,-1.0810804
tx.wilson,30.363636,30.681818,-0.318182
tx.collin,11.728174,14.026687,-2.2985125
tx.cooke,17.615385,29.820513,-12.205128
tx.gillespie,9.33721,16.04651,-6.709301
tx.hunt,12.036586,14.601626,-2.5650406
tx.gonzales,39.705883,40.85294,-1.1470566
tx.young,15.940298,19.074627,-3.1343288
tx.medina,67.8,81.88,-14.079994
tx.jasper,9.644068,10.050847,-0.4067793
tx.kimble,9.266666,20.4,-11.133333
tx.kerr,2.0217392,2.3496377,-0.3278985
tx.hays,25.159218,28.740223,-3.581005
tx.hockley,30.708334,42.8125,-12.104166
tx.llano,12.366667,16.333334,-3.9666672
tx.gregg,6.517007,7.7267575,-1.2097507
tx.hidalgo,19.46731,22.139984,-2.6726742
tx.titus,11.52439,12.615853,-1.0914631
tx.nacogdoches,5.3923078,5.5410256,-0.14871788
il.madison,17.13998,24.90735,-7.76737
tx.ector,15.617339,18.512705,-2.8953657
tx.anderson,20.807692,21.49359,-0.6858978
tx.lamar,7.8524175,9.066157,-1.2137399
tx.cass,11.808824,13.8970585,-2.088235
tx.gray,12.321739,19.773912,-7.452173
tx.hale,52.511364,68.681816,-16.170452
tx.reeves,30.72,58.32,-27.6
tx.frio,31.35,32.125,-0.7749996
tx.dallas,15.900299,19.28932,-3.389021
tx.fort bend,25.70768,34.90314,-9.195461
tx.williamson,16.707632,23.297323,-6.589691
tx.rockwall,22.394117,32.482353,-10.088236
il.dekalb,30.528795,42.471203,-11.942408
tx.bexar,10.32253,11.206776,-0.8842459
ky.hopkins,5.5,7.2256413,-1.7256413
tx.grayson,8.39701,11.189369,-2.7923594
tx.montgomery,13.236601,14.722876,-1.4862747
tx.trinity,5.266667,5.5333333,-0.2666664
tx.uvalde,50.96,66.56,-15.599998
tx.mclennan,23.973013,28.424288,-4.451275
tx.wheeler,6.804878,11.121951,-4.317073
tx.runnels,8.82,9.62,-0.8000002
nm.santa fe,24.189922,41.70155,-17.511627
tx.kaufman,14.761671,20.390663,-5.628992
tx.burnet,22.84507,27.507042,-4.661972
tx.howard,6.4257145,8.028571,-1.6028566
tx.comal,14.945402,17.06322,-2.117817
oh.mahoning,7.0630174,11.877785,-4.8147674
oh.van wert,6.748718,11.389744,-4.641026
tx.ellis,36.20601,49.5794,-13.37339
mo.st charles,0,0,0
tx.jack,17.411764,26.647058,-9.235294
tx.reagan,32.285713,64.42857,-32.14286
va.washington,8.681275,10.916335,-2.2350597
id.ada,22.307976,28.223043,-5.9150677
id.blaine,57.84,71.24,-13.399998
in.marion,12.886485,18.580833,-5.6943483
tx.hood,23.927711,28.783133,-4.855421
tx.limestone,11.050632,11.455696,-0.40506363
va.portsmouth,0,0,0
tx.lamb,15.626667,21.613333,-5.9866657
mn.hennepin,16.474293,24.172878,-7.6985855
mo.jackson,4.7879963,6.3894,-1.6014037
ne.douglas,16.834675,23.391003,-6.556328
tx.denton,18.726736,22.09371,-3.3669739
tx.caldwell,34.305084,34.440678,-0.13559341
tx.victoria,7.2572613,8.311203,-1.0539417
tx.bell,7.1540112,8.552292,-1.3982806
tx.midland,12.801196,15.638266,-2.8370695
tx.cameron,17.892035,18.458197,-0.5661621
hi.honolulu,5.3695436,5.7310896,-0.36154604
tx.potter,11.713572,14.22398,-2.5104084
tx.smith,8.271503,10.005983,-1.7344799
hi.hawaii,3.3849206,3.9246032,-0.5396826
tx.brazos,18.140718,19.782934,-1.6422157
tx.wichita,9.702641,12.835821,-3.1331806
tx.webb,38.99654,46.423874,-7.427334
al.shelby,35.111748,41.444126,-6.3323784
al.houston,7.5537086,8.196931,-0.64322233
al.barbour,17,17.864864,-0.86486435
al.clarke,20.647058,21.694118,-1.04706
al.escambia,15.591549,16.478872,-0.8873234
al.marion,13.6,15.575,-1.9749994
al.morgan,17.07773,22.689075,-5.6113453
al.etowah,10.410013,13.230041,-2.8200274
ia.page,14.6,22.22353,-7.6235294
ia.pottawattamie,14.071984,19.859922,-5.787938
id.bingham,20.732027,26.320261,-5.588234
id.bonneville,27.054216,33.656628,-6.6024113
id.bannock,26.50244,33.37073,-6.868292
il.mercer,41.136364,61.454544,-20.31818
ca.san luis obispo,4.1597023,5.1963367,-1.0366344
ca.placer,11.84492,16.286097,-4.4411764
ca.fresno,11.637726,13.613037,-1.9753113
ca.humboldt,3.9966555,6.3344483,-2.3377929
ca.mono,35.35294,54.82353,-19.470589
ca.stanislaus,17.433712,21.561237,-4.1275253
ga.gwinnett,47.80998,52.126328,-4.316349
ga.candler,25.2,28.24,-3.039999
ga.fulton,8.67936,9.541127,-0.8617668
ga.putnam,42.64,44.8,-2.1599998
ga.colquitt,16.613094,17.654762,-1.0416679
ga.evans,11.734694,12.571428,-0.8367348
ga.miller,17.44,19.12,-1.6800003
ga.rockdale,22.717392,25.152174,-2.434782
ga.jefferson,29.27027,29.945946,-0.67567635
ga.jeff davis,29.6,31.2,-1.6000004
ga.union,26.533333,27.8,-1.2666664
ga.jenkins,20.28,22,-1.7199993
la.orleans,9.787709,11.403911,-1.6162014
la.ascension,62.38095,79.64762,-17.26667
la.st. mary,13.604278,15.368984,-1.7647066
la.terrebonne,13.531335,15.713897,-2.1825619
la.vermilion,30.378948,39.063156,-8.684208
la.st. james,20.685184,25.38889,-4.703705
la.morehouse,18.01087,26.456522,-8.445652
la.east carroll,80.181816,116.36364,-36.181824
la.bossier,16.693926,20.995327,-4.301401
la.la salle,0,0,0
la.avoyelles,31.438356,35.027397,-3.5890408
la.st. tammany,7.695287,9.961266,-2.2659783
la.tangipahoa,17.153152,21.436937,-4.283785
la.east baton rouge,8.4424715,10.319691,-1.8772192
ca.butte,8.157095,10.376689,-2.219594
la.de soto,42.705883,49.5,-6.794117
la.st. landry,8.595054,11.506955,-2.9119015
ca.san benito,12.784531,17.005526,-4.220995
ca.marin,18.152838,18.868996,-0.7161579
ca.trinity,3.9215686,8.372549,-4.45098
ga.douglas,33.984375,38.182293,-4.197918
nc.washington,7.2040815,7.9183674,-0.71428585
la.vernon,11.695036,15.028369,-3.333333
ca.santa cruz,12.793982,17.189816,-4.395834
ga.muscogee,5.448181,5.666438,-0.21825695
ga.bibb,6.184638,6.4298377,-0.24519968
ga.towns,25.84,27.32,-1.4799995
ga.murray,52.642857,75.14286,-22.500004
ga.carroll,19.466257,22.006134,-2.539877
ga.fayette,13.429078,15.106383,-1.6773052
ga.clayton,20.586267,22.272888,-1.6866207
wi.oconto,105,122.685715,-17.685715
va.augusta,7.4745097,9.745098,-2.2705884
co.denver,17.157461,25.004534,-7.8470726
wi.sauk,20.751268,28.284264,-7.532995
ca.tuolumne,9.980263,20.388159,-10.407896
az.maricopa,0,0,0
ia.harrison,47.96,57.48,-9.52
ct.new haven,0,0,0
ma.plymouth,13.295455,15.949243,-2.6537876
mi.st. joseph,20.979166,29.729166,-8.75
mi.barry,52.938774,87.55102,-34.612244
mi.bay,13.688946,23.773779,-10.084833
mi.washtenaw,6.6803956,9.062603,-2.3822074
mi.kent,20.630646,31.5543,-10.923655
mi.houghton,29.754099,32.57377,-2.8196697
mi.dickinson,17.309734,25.840708,-8.530973
mi.ontonagon,11.84,18.04,-6.200001
mi.otsego,21.73913,38.108696,-16.369566
mi.saginaw,10.691598,16.566599,-5.875001
mn.chippewa,36.1,49.2,-13.100002
mn.mower,36.658535,55.865852,-19.207317
mo.newton,6.75162,8.170627,-1.4190068
mo.greene,12.259629,14.114122,-1.8544931
mo.clay,6.1915345,8.49418,-2.3026452
mo.clinton,17.87931,22.465517,-4.5862064
mo.vernon,5.614286,7.464286,-1.8499999
mo.atchison,13.611111,21.333334,-7.7222233
mo.bates,10.766666,14.9,-4.133333
mo.buchanan,14.421158,16.666666,-2.2455082
mo.cass,42.07547,56.85849,-14.78302
mo.st. louis,11.053561,15.069325,-4.015764
mo.ste. genevieve,25.680851,39.12766,-13.446808
mo.st. francois,9.724077,11.896309,-2.1722317
mo.ripley,27.904762,39.47619,-11.571426
mo.st. charles,28.057823,39.20862,-11.150795
mo.saline,23.013334,29.306667,-6.293333
mo.grundy,23.08,30.48,-7.3999996
mo.franklin,36.87838,47.972973,-11.094593
mo.gasconade,23.041666,30.458334,-7.416668
mo.iron,18.066668,26.4,-8.333332
mo.dent,10.836364,14.581819,-3.7454548
mo.washington,63.48,89.48,-26.000004
mo.sullivan,23.4,31.2,-7.800001
mo.putnam,11.8,20.866667,-9.066667
mo.phelps,8.520661,11.917356,-3.3966942
mo.cape girardeau,10.643927,14.505824,-3.8618975
mo.perry,66.44,92.32,-25.879997
mo.texas,16.454546,19.242424,-2.787878
mo.st. clair,32.166668,49.916668,-17.75
mo.henry,12.680412,19.57732,-6.896908
mo.lafayette,53.84375,67.71875,-13.875
mo.barry,36.930233,48.2093,-11.279068
mo.ray,24.617647,36.735294,-12.117647
mo.livingston,34.28,38.76,-4.4799995
mo.camden,21,24.361538,-3.361538
mo.cedar,11.219512,14.707317,-3.4878054
ms.monroe,18.146154,20.861538,-2.7153835
nc.mecklenburg,16.493803,19.208376,-2.714573
nc.rowan,15.655738,18.498829,-2.843091
nc.bladen,25.413794,27.48276,-2.068966
nc.pasquotank,6.840659,7.302198,-0.4615388
ms.lauderdale,4.1093116,4.997976,-0.88866425
ms.rankin,3.308986,4.1878905,-0.8789046
ms.lamar,12.727969,13.839081,-1.1111116
nc.cleveland,11.535963,12.603249,-1.0672855
nc.duplin,36.089108,38.118813,-2.029705
nc.forsyth,7.3401966,9.462331,-2.1221342
nc.johnston,45.914574,53.72864,-7.814068
nc.mcdowell,34.83077,40.153847,-5.323078
nc.henderson,11.003077,12.24923,-1.2461538
nc.haywood,7.931579,11.91579,-3.9842105
nc.halifax,7.2941175,8.581699,-1.2875819
nc.iredell,13.58483,16.25549,-2.670659
nc.hertford,9.692983,9.666667,0.02631569
nc.guilford,10.540644,12.651937,-2.1112928
nc.person,10.754545,12.681818,-1.9272728
nc.chatham,100.36,111.04,-10.68
nc.cherokee,5.39267,5.60733,-0.21465969
nc.robeson,17.738937,18.90708,-1.1681423
nc.avery,22.28,26.04,-3.7600002
nc.brunswick,14.880342,17.320513,-2.4401712
nc.buncombe,6.5220885,7.427711,-0.9056225
nc.burke,10.79148,13.634529,-2.843049
nc.cumberland,11.520946,12.877551,-1.3566055
nc.anson,70.066666,75.8,-5.7333374
nc.cabarrus,16.58149,20.19316,-3.6116695
nc.hoke,45.10204,47.612244,-2.5102043
nd.mountrail,102,142,-40
nd.dickey,29.85,37.9,-8.050001
nd.stutsman,17.121212,27.127274,-10.006062
nd.towner,11.65,15.7,-4.05
nd.traill,20.292683,29.439024,-9.146341
nd.rolette,66.64,107.6,-40.96
nd.williams,74.44,82.3,-7.8600006
ne.knox,23.695652,26.043478,-2.347826
fl.pinellas,8.613384,10.054623,-1.4412384
fl.highlands,12.934984,16.040247,-3.1052628
or.marion,22.05242,28.60484,-6.5524197
fl.hernando,9.180645,10.998387,-1.8177423
fl.sarasota,9.482077,12.166255,-2.6841784
fl.lee,14.924108,18.049553,-3.1254454
fl.volusia,8.835456,10.3090105,-1.4735546
fl.polk,16.935305,18.402119,-1.466814
fl.brevard,9.355592,10.920196,-1.5646038
fl.broward,17.000578,20.351366,-3.350788
fl.monroe,25.202703,32.675674,-7.472971
fl.miami-dade,25.216457,30.395584,-5.1791267
fl.manatee,22.76799,26.477667,-3.7096767
al.limestone,49.686275,58.764706,-9.07843
al.jefferson,7.404848,9.045047,-1.6401987
al.wilcox,23.133333,24.933332,-1.7999992
al.washington,39.68,45.08,-5.4000015
al.marengo,13.878788,14.585858,-0.70707035
al.coffee,21.534351,24.641222,-3.1068707
al.conecuh,13.275862,15.4827585,-2.2068968
al.fayette,18.311476,23.786884,-5.4754086
oh.athens,10.212245,11.816326,-1.6040812
al.madison,13.679966,17.064516,-3.38455
oh.butler,23.101252,31.58248,-8.481228
al.calhoun,12.769491,14.881356,-2.111865
al.walker,16.078651,17.89513,-1.8164787
ia.union,36.96,61.16,-24.2
oh.clark,25.744444,37.825928,-12.081484
al.montgomery,11.762904,12.951006,-1.1881018
al.lawrence,15.561225,18.602041,-3.0408163
oh.coshocton,21.821428,34.214287,-12.3928585
al.tuscaloosa,14.510204,14.927114,-0.41690922
al.covington,11.738095,12.690476,-0.95238113
al.dale,30.05618,33.11236,-3.056179
oh.crawford,25.013334,39.44,-14.426664
al.franklin,22.464,24.672,-2.2080002
al.colbert,10.15427,13.024794,-2.8705235
oh.cuyahoga,6.285714,10.139399,-3.8536844
al.talladega,14.666667,16.680702,-2.0140352
al.bullock,11.836065,12.147541,-0.31147575
al.elmore,34.804348,38.260868,-3.45652
oh.darke,31.865385,49.173077,-17.307692
pa.lycoming,10.874172,19.5298,-8.655628
wy.natrona,15.29443,25.758621,-10.464191
oh.delaware,39.089622,59.34434,-20.254719
pr.cidra,3.3287036,3.7870371,-0.4583335
pa.york,14.2225275,20.58608,-6.363553
oh.franklin,10.002116,13.594076,-3.59196
nj.burlington,14.666367,21.250898,-6.584532
nj.atlantic,5.9033694,7.818182,-1.9148126
nj.bergen,13.102683,17.578007,-4.4753237
nj.passaic,23.600962,32.945744,-9.344782
nj.gloucester,18.00821,24.97537,-6.967161
nj.essex,8.488757,11.153161,-2.664404
nj.cumberland,11.579256,15.072407,-3.4931507
nj.hudson,19.280085,25.396698,-6.1166134
ia.woodbury,13.538554,15.721686,-2.1831322
nj.union,15.668148,20.400988,-4.7328396
nj.sussex,21.883562,31.09589,-9.212328
nj.middlesex,10.502661,13.638084,-3.1354237
nj.mercer,7.6083574,11.088922,-3.480564
nj.morris,6.058227,8.2704735,-2.2122464
nj.ocean,16.568989,18.498686,-1.929697
nj.somerset,10.314852,13.637624,-3.322772
oh.guernsey,5.592157,9.062745,-3.4705882
pr.guayama,2.9353235,3.4626865,-0.52736306
oh.hamilton,7.3372345,10.4195175,-3.082283
oh.lucas,5.6980915,8.694959,-2.9968672
nm.taos,33.275864,61.793102,-28.517239
nm.quay,11.68,20.04,-8.360001
nm.colfax,16.52,49.44,-32.92
nv.washoe,14,20.090565,-6.0905647
in.lagrange,70.16,100.16,-30
oh.morrow,60.227272,97.318184,-37.09091
oh.richland,11.7221,18.997812,-7.275712
oh.ross,8.039801,10.19403,-2.1542292
fl.jackson,46.91954,52.896553,-5.9770126
in.allen,14.817655,22.752577,-7.934922
nv.lyon,26.507936,50.190475,-23.682539
in.ripley,77.08,135.72,-58.64
in.dearborn,28.096153,43.298077,-15.201923
ia.scott,10.569992,16.119865,-5.5498734
in.daviess,24.25,33.6625,-9.412498
in.noble,105.22581,162.74193,-57.51612
oh.seneca,17.75,29.708334,-11.958334
in.vanderburgh,9.367079,11.68779,-2.3207111
in.vigo,14.033272,21.18854,-7.1552677
ut.utah,41.02581,51.22345,-10.197639
ut.beaver,4.625,6.2291665,-1.6041665
ut.salt lake,25.349667,33.040924,-7.6912575
md.baltimore,16.581442,21.14826,-4.566818
ak.nome,0,0,0
in.elkhart,49.820198,69.98522,-20.165024
in.delaware,15.107056,19.090025,-3.9829693
in.morgan,15.135265,24.067633,-8.932367
in.warrick,22.45304,27.447514,-4.9944744
in.tippecanoe,14.314883,21.386225,-7.0713415
ia.black hawk,25.411764,36.037037,-10.625273
in.johnson,32.901817,51.116364,-18.214546
in.tipton,31.44,50.28,-18.839998
in.grant,12.511834,18.452663,-5.9408293
in.marshall,23.6875,35.3875,-11.700001
in.huntington,49.77778,82.361115,-32.583336
in.fayette,19.646465,26.919191,-7.272726
in.white,70.04,114.52,-44.479996
ct.windham,0,0,0
ct.hartford,0,0,0
in.floyd,13.582492,18.60606,-5.023568
az.coconino,0,0,0
fl.okaloosa,15.341753,18.684992,-3.3432388
fl.columbia,14.5404625,15.104046,-0.5635834
fl.santa rosa,22.028572,26.244156,-4.215584
fl.leon,13.626656,14.346026,-0.71937084
fl.duval,11.970523,13.913535,-1.9430122
fl.bay,12.489362,14.69282,-2.2034578
fl.walton,37.537037,47.314816,-9.777779
nv.carson city,14.0039215,27.984314,-13.980392
pa.chester,11.675738,15.917574,-4.2418356
mo.st. louis city,3.5937421,4.7474546,-1.1537125
pa.erie,6.2690105,11.308258,-5.0392475
ma.dukes,13.84,24.8,-10.959999
ma.berkshire,6.0111423,11.587744,-5.5766015
az.cochise,0,0,0
wi.rock,19.343971,25.689716,-6.345745
mn.steele,53.09302,89.790695,-36.697674
mn.ramsey,17.108023,25.026218,-7.9181957
id.kootenai,24.431818,32.310608,-7.87879
ky.union,32.08,35.16,-3.079998
id.nez perce,18.103449,28.206896,-10.103447
tx.crane,9.84,21.96,-12.119999
tx.crosby,7.72,9.56,-1.8400006
ky.shelby,35.92857,45.271427,-9.342857
ky.simpson,36.48,57.4,-20.920002
tx.clay,17.6,33.96,-16.359999
tx.winkler,18.473684,28.421053,-9.947369
tx.liberty,19.860294,21.602942,-1.7426472
tx.floyd,8.48,10.28,-1.8000002
md.frederick,26.733767,35.048702,-8.314936
wi.jackson,81.64,134.24,-52.600006
wv.kanawha,4.4403973,5.2403975,-0.8000002
wv.harrison,4.5085993,7.004914,-2.4963145
wi.burnett,38.56,57.68,-19.119999
wi.columbia,40.877552,54.142857,-13.265305
il.richland,11.333333,16.455555,-5.122222
ok.mcintosh,97.2,120.9,-23.700005
wv.ohio,3.0367413,5.175719,-2.1389775
ok.muskogee,11.699301,16.335665,-4.636364
ok.kingfisher,42.56,53.28,-10.719997
vt.lamoille,7.48,14.12,-6.64
il.jackson,16.766304,23.266304,-6.5
il.wabash,31.36,50.2,-18.84
al.randolph,74.4,79.933334,-5.533333
wi.crawford,59.2,110.32,-51.12
wi.barron,44.5,73.67778,-29.17778
wi.door,75.52,98,-22.480003
ks.smith,3.509434,7.1509433,-3.6415093
ks.shawnee,9.745851,15.079876,-5.3340254
tx.taylor,10.789351,14.679399,-3.890047
tx.henderson,25.136753,31.418804,-6.282051
tx.jefferson,6.998156,8.009219,-1.0110631
tx.austin,21.84375,29.03125,-7.1875
tx.brown,10.963918,14.6907215,-3.7268038
tx.panola,11.795918,12.469388,-0.67346954
tx.childress,26.102564,43.205128,-17.102564
fl.charlotte,7.09599,8.832321,-1.736331
tx.moore,69.52,79.56,-10.040001
tx.maverick,52.089108,56.158417,-4.069309
fl.st. lucie,11.904665,13.09432,-1.1896553
tx.hill,7.7393937,9.078788,-1.3393941
tx.walker,37.349594,41.406506,-4.0569115
tx.pecos,21.609756,29.853659,-8.243902
tx.kleberg,12.77,14.59,-1.8199997
tx.fayette,10.107693,10.2,-0.09230709
tx.angelina,8.972341,10.431915,-1.4595747
ia.clinton,13.818868,20.78868,-6.9698114
ia.story,26.103943,35.78136,-9.677418
ia.lyon,45.12,57.08,-11.960003
tx.falls,23.722221,29.13889,-5.416668
tx.harrison,13.013423,17.563759,-4.550336
tx.palo pinto,17.162163,21.432432,-4.2702694
tx.montague,10.034483,17.08046,-7.0459766
tx.franklin,5.285714,6.142857,-0.8571429
tx.ochiltree,27.6,36.44,-8.839998
tx.tom green,16.869707,24.664495,-7.7947884
tx.san augustine,21.944445,26.555555,-4.6111107
tx.guadalupe,38.744,41.12,-2.3759995
tx.baylor,1.3265306,1.4693878,-0.1428572
tx.bastrop,322.375,349.125,-26.75
tx.erath,16.887754,19.040817,-2.1530628
tx.bowie,3.1248515,3.6254458,-0.5005944
tx.parker,39.488,55.72,-16.232002
tx.jim wells,13.710691,15.628931,-1.9182396
ny.sullivan,14.059172,16.366863,-2.3076916
oh.fayette,51.12,71.24,-20.119999
tx.coleman,7.8,11.28,-3.4799995
tx.dewitt,26.693878,28.081633,-1.3877544
wi.douglas,110.28,179.64,-69.36
wi.price,35.68,45.8,-10.119999
id.oneida,18.818182,28.545454,-9.727272
in.cass,13.100746,15.798508,-2.6977615
ne.otoe,16.055555,23.75926,-7.703705
tx.galveston,22.68073,25.787622,-3.1068916
wi.jefferson,130.61224,179.08163,-48.46939
tx.orange,71.225,73.1,-1.875
sd.shannon,0,0,0
ne.thurston,29,37.47619,-8.476189
ks.ness,2.853211,3.8256881,-0.9724772
ks.barber,2.4408603,3.7096775,-1.2688172
ms.neshoba,36.82353,39.441177,-2.617649
wi.grant,48.623528,62.341175,-13.717648
mt.glacier,31,40.871796,-9.871796
sc.richland,7.7753243,8.080967,-0.3056426
tx.madison,35.48,39.24,-3.7600021
pa.allegheny,4.4337482,6.937311,-2.503563
ma.hampshire,8.948387,12.1967745,-3.2483873
ks.scott,10.1,14.84,-4.74
wy.laramie,30.101942,50.519417,-20.417475
wy.sheridan,25.761364,40.534092,-14.772728
wa.clark,16.145706,22.837423,-6.691717
va.richmond city,2.748052,3.0753248,-0.3272729
tx.hardeman,2.7555556,3.2222223,-0.4666667
tx.gaines,42.88,56.88,-14
tx.hopkins,9.75,10.979167,-1.229167
tx.bee,30.695652,34.405796,-3.710144
wi.la crosse,14.1875,18.387196,-4.1996956
hi.maui,3.7054265,4.391473,-0.68604636
al.cullman,29.58919,39.89189,-10.302702
al.lauderdale,13.734637,18.48324,-4.748603
al.marshall,31.4625,42.279167,-10.816668
al.dekalb,42.05224,49.410446,-7.3582077
al.tallapoosa,15.889764,19.33071,-3.4409456
ia.cherokee,12.79518,17.903614,-5.1084337
ia.o'brien,28.6,36.74,-8.140001
ia.clayton,24.64,36.86,-12.220001
ia.iowa,41.6,59.4,-17.800003
ia.cerro gordo,6.71843,10.641638,-3.9232078
ia.henry,14.072369,16.914474,-2.8421059
id.bear lake,10.761905,17,-6.2380953
wi.trempealeau,63.76744,94.790695,-31.023254
il.union,29.170214,35.446808,-6.276594
ca.napa,2.211236,3.0044944,-0.7932584
ca.lassen,78.210526,187.6842,-109.47368
ca.kern,26.405346,32.616474,-6.211128
ga.jasper,34.82353,36.47059,-1.6470604
la.west carroll,36.142857,61.42857,-25.285713
la.acadia,24.38674,30.337017,-5.9502773
la.jefferson davis,17.4375,22.151785,-4.714285
la.st. martin,72.209305,88.93023,-16.720924
la.caddo,5.7715282,6.864236,-1.0927076
wi.eau claire,12.063829,17.35461,-5.290781
wi.iowa,59.56,88.6,-29.039997
wi.richland,39.44,49.92,-10.48
wi.waushara,76.8,99.28,-22.479996
wi.sawyer,40.76,61.04,-20.280003
co.douglas,19.419971,32.079296,-12.659325
fl.lake,12.511135,13.942736,-1.4316006
ia.emmet,34.56,44.08,-9.52
ia.dubuque,20.910639,26.63617,-5.7255306
ia.floyd,46.96,73.84,-26.879997
ia.lee,20.322313,29.22314,-8.900827
ia.webster,19.855,27.495,-7.6400013
ia.hardin,22.12069,33.672413,-11.5517235
ia.jones,40.483334,69.86667,-29.383335
ia.marion,45.06,63.86,-18.8
ia.sioux,19.98,22.81,-2.83
id.caribou,18.76,22.96,-4.199999
id.elmore,42.6,54.04,-11.440002
ks.brown,17.64,29.4,-11.76
ks.kingman,18.28,29.56,-11.279999
ks.stevens,4.69,6.23,-1.54
ks.butler,32.00794,48.43651,-16.42857
ar.sevier,52.45714,62.114285,-9.657143
ar.saline,23.889345,31.704918,-7.8155727
ar.craighead,10.777483,12.854304,-2.0768213
ar.ashley,30.424242,40.81818,-10.393938
ar.mississippi,19.062176,22.393782,-3.331606
ar.little river,27.52,33.04,-5.5200005
ky.fulton,4.614286,5.0285716,-0.41428566
ky.hardin,10.59785,15.236559,-4.638709
ky.ohio,50.32,69.72,-19.400002
co.otero,14.858974,37.21795,-22.358974
co.el paso,14.834639,24.517406,-9.682768
md.harford,27.090197,38.47451,-11.384314
md.somerset,15.505618,27.674158,-12.16854
md.wicomico,9.125,10.644231,-1.5192308
me.cumberland,3.6036248,4.8045707,-1.2009459
mi.calhoun,21.804417,29.88959,-8.085173
mi.montcalm,18.567568,31.641891,-13.074324
mi.mackinac,23,28.933332,-5.9333324
mi.lenawee,39.141594,64.36283,-25.221237
mi.ingham,9.487088,13.213714,-3.7266254
mi.arenac,21.24,43.72,-22.480001
mi.ottawa,52.20257,83.48553,-31.282955
mi.branch,36.25,53.166668,-16.916668
mi.shiawassee,23.056074,39.448597,-16.392523
mi.tuscola,41.66,69.68,-28.02
mi.iron,30.64,37.52,-6.880001
mi.marquette,14.1453285,22.121107,-7.9757786
mn.cook,5.8125,10.375,-4.5625
mi.emmet,6.8539324,11.544944,-4.6910114
ms.chickasaw,14.678572,15.821428,-1.1428566
mn.stearns,26.54932,40.676872,-14.127552
mn.itasca,22.009434,32.462265,-10.452831
mn.douglas,24.259842,41.68504,-17.425198
mn.pine,25.37143,37.42857,-12.05714
mn.marshall,18.59375,31.5625,-12.96875
mn.penninton,0,0,0
mn.nobles,69.145836,83.208336,-14.0625
mn.cottonwood,41.923077,80.46154,-38.538464
mo.jasper,14.70765,18.431694,-3.7240438
mo.cooper,18.4,24.357143,-5.957144
az.yavapai,0,0,0
mt.yellowstone,19.480953,24.822222,-5.3412685
de.sussex,19.374172,23.231789,-3.8576164
ms.yazoo,69.04,80.28,-11.239998
ms.franklin,17.04,21.76,-4.7199993
wi.racine,23.709091,32.594406,-8.885315
ms.leflore,9.153226,10,-0.8467741
mt.broadwater,5.2954545,8.090909,-2.7954545
ms.washington,9.818182,11.005509,-1.1873274
ms.choctaw,8.08,12.12,-4.04
ms.wilkinson,9.34,10.58,-1.2399998
ms.pearl river,22.27381,25.119047,-2.8452377
nc.beaufort,7.641732,8.106299,-0.46456718
nc.edgecombe,23.82906,25.931623,-2.1025639
nc.harnett,27.856287,31.02994,-3.1736526
nc.wake,16.236568,19.196512,-2.9599438
nc.carteret,15.296296,17.874075,-2.5777788
nc.catawba,13.371942,16.699837,-3.3278952
nc.rutherford,21.097902,24.055944,-2.9580421
nc.sampson,27.81507,30.178082,-2.3630123
nc.caldwell,37.827274,43.872726,-6.045452
nc.davie,11.358779,15.106871,-3.7480917
nc.davidson,25.761316,30.312757,-4.551441
nc.craven,10.748571,11.042857,-0.29428577
nc.stanly,30.926605,31.954128,-1.027523
nd.mclean,23.106382,29.106382,-6
nd.grand forks,13.814353,18.99532,-5.1809664
nd.divide,8.666667,12.2,-3.5333328
nd.walsh,54.57143,85.32143,-30.749996
nd.nelson,20.052631,27,-6.9473686
fl.okeechobee,21.37,22.33,-0.9599991
oh.adams,41.28,72.08,-30.800003
nd.ransom,19.96,29.2,-9.240002
fl.indian river,8.851307,10.351307,-1.5
or.multnomah,10.401921,15.197169,-4.795248
fl.hendry,107.8,117.24,-9.439995
oh.allen,7.9313254,11.921687,-3.9903617
fl.seminole,15.300518,17.615543,-2.3150253
fl.citrus,16.114458,20.64759,-4.5331326
al.clay,22.022223,23.8,-1.7777767
al.pickens,24.464285,29.303572,-4.839287
oh.auglaize,21.292856,30.335714,-9.042858
ia.palo alto,15.191489,20.914894,-5.723405
oh.clermont,57.18919,90.95946,-33.770267
oh.columbiana,13.780627,22.301994,-8.521367
al.blount,90,111.475,-21.474998
al.autauga,37.482353,40.811764,-3.3294106
al.dallas,14.097143,16.394285,-2.297142
al.sumter,19.272728,21.878788,-2.60606
ia.monona,19.44,25,-5.5599995
oh.defiance,19.288462,31.490385,-12.201923
nj.monmouth,8.724051,11.519327,-2.7952757
nm.chaves,25.379913,39.336243,-13.956329
mo.macon,30.36,50.68,-20.32
ut.uintah,24.948717,42.615383,-17.666666
ia.polk,19.644041,27.346338,-7.702297
ia.lucas,15.28,18.76,-3.4800005
in.dubois,25.447155,32.90244,-7.455284
in.dekalb,33.041668,50.833332,-17.791664
in.kosciusko,64.75,98.27273,-33.522728
oh.stark,7.7505283,13.354651,-5.604123
sd.bennett,23.928572,31,-7.0714283
sd.charles mix,26.972973,38.51351,-11.540539
in.jefferson,5.3344483,9.451505,-4.1170564
ct.fairfield,0,0,0
ct.litchfield,0,0,0
sd.hand,27.09091,38.272728,-11.181818
pa.westmoreland,11.757605,17.694866,-5.9372616
pa.clarion,9.288462,19.262821,-9.9743595
pa.schuylkill,14.072022,20.418283,-6.346261
pa.clearfield,8.032258,17.251614,-9.219356
ne.chase,13.272727,16.90909,-3.636363
ne.saline,37.837208,49.55814,-11.720932
ne.wayne,32,43,-11
pa.union,16.055119,27.425198,-11.370079
pa.luzerne,9.801123,14.968725,-5.1676025
pa.lehigh,7.231775,11.053293,-3.8215184
pa.northumberland,19.300577,25.50289,-6.2023125
pa.montgomery,7.8806934,11.389069,-3.5083752
pa.lackawanna,5.593297,6.477355,-0.884058
az.pinal,0,0,0
ne.jefferson,28.058823,48.764706,-20.705883
in.clark,14.708145,19.920815,-5.2126694
pa.cumberland,10.708207,17.702127,-6.9939203
pa.delaware,16.72,22.289286,-5.5692863
in.pulaski,23.96,38.96,-15
pa.berks,13.755413,17.52927,-3.773857
pa.bradford,6.7294116,9.688235,-2.9588237
ma.nantucket,26,35.94737,-9.947369
ga.berrien,13,13.920635,-0.9206352
in.washington,41.72,64.76,-23.04
oh.pike,44.04,66.44,-22.400002
ga.rabun,14.96,17.1,-2.1400003
ga.early,29.08,30.6,-1.5200005
ga.polk,109.32,125.88,-16.559998
me.york,9.996598,13.452381,-3.455783
sd.yankton,8.880165,12.570248,-3.6900826
az.navajo,0,0,0
sd.lawrence,34.469696,48.772728,-14.303032
sd.union,36.18421,44.81579,-8.631577
in.jennings,76.47059,130.17647,-53.70588
sd.pennington,19.062868,25.730844,-6.6679764
va.petersburg,0,0,0
oh.williams,13.382113,21.95122,-8.569106
mn.pope,18.264706,31.529411,-13.264706
me.somerset,10.7,16.14,-5.4399996
sd.minnehaha,19.01016,25.672312,-6.6621513
or.douglas,8.170213,13.191489,-5.0212765
id.teton,47.384617,63.384617,-16
ny.chemung,7.6326966,9.426751,-1.7940545
id.gooding,59.055557,74.94444,-15.8888855
id.gem,75.3125,122.5625,-47.25
id.franklin,40.35,52.3,-11.950001
va.martinsville,0,0,0
va.york,7.158621,9.082759,-1.9241381
ny.delaware,7.119403,10.731343,-3.6119404
va.fairfax,18.925213,22.610577,-3.6853638
va.essex,4,4.552239,-0.55223894
va.nottoway,6.479675,8.02439,-1.5447154
tn.hardeman,96.8,102.68,-5.8799973
va.staunton,0,0,0
sc.florence,7.7137055,8.42132,-0.7076144
sc.williamsburg,70.84,75.68,-4.840004
sc.barnwell,20.09434,21.283018,-1.1886787
sc.dorchester,62.64423,68.86539,-6.221157
sc.greenville,15.565909,18.373863,-2.8079538
sc.cherokee,19.232,22.336,-3.104
sc.greenwood,8.4675,9.1725,-0.7049999
wi.rusk,41,70.04,-29.04
sc.chesterfield,32.57627,34.16949,-1.5932198
wi.clark,54.408165,79.4898,-25.081635
wi.chippewa,24.738533,38.449543,-13.71101
tx.camp,19.76,20.88,-1.1199989
tx.milam,20.457144,22.342857,-1.8857136
ky.breathitt,7.8545456,12.890909,-5.0363636
il.bureau,25.819149,37.776596,-11.957447
ky.breckinridge,19.92,28.52,-8.6
ky.logan,18.36,23.053333,-4.6933327
ky.campbell,20.617977,32.595505,-11.977528
ky.mccracken,5.084746,8.114407,-3.0296607
il.wayne,19.581818,24.563637,-4.981819
co.chaffee,31.52,44.44,-12.919998
mo.st louis,0,0,0
ca.sierra,0.46153846,0.8717949,-0.41025642
co.kit carson,19.368422,28.473684,-9.105263
ca.inyo,5.7419353,6.354839,-0.6129036
co.larimer,17.268965,27.223448,-9.954483
ca.mendocino,13.553191,15.702127,-2.1489363
ca.el dorado,14.370833,25.870832,-11.499999
co.lincoln,12.98,62.36,-49.38
co.arapahoe,27.96954,42.557877,-14.588337
ms.harrison,4.796776,5.426022,-0.62924623
ga.lanier,16.84,17.72,-0.87999916
ga.tift,11.9668045,12.784232,-0.81742764
ga.bartow,50.235294,56.806725,-6.57143
ga.henry,38.06038,41.686794,-3.6264153
nc.martin,19.44898,21.142857,-1.6938763
co.yuma,14.5,16.071428,-1.5714283
ga.walton,23.739393,25.951515,-2.212122
la.lafayette,11.020934,14.525764,-3.5048304
la.natchitoches,10.471616,12.187773,-1.716157
la.jackson,49.76,57,-7.2400017
la.winn,11.080808,14.676767,-3.5959597
la.washington,17.48951,21.972029,-4.482519
la.pointe coupee,64.16,77.88,-13.719994
la.webster,11.551021,14.015306,-2.4642859
la.beauregard,19.3125,24.65,-5.3374996
ca.mariposa,5.029412,9.911765,-4.8823533
nc.wilkes,23.507692,29.238462,-5.73077
la.lincoln,12.327586,15.004311,-2.6767244
la.richland,26.910715,37.17857,-10.267855
ga.lumpkin,27.961538,29.76923,-1.8076916
ga.ware,11.887445,13.519481,-1.6320353
ga.randolph,14.88,15.36,-0.47999954
ga.habersham,51.24528,55.54717,-4.3018875
ga.richmond,4.390537,4.852422,-0.46188545
wi.dunn,129.76,192.72,-62.960007
co.boulder,14.670127,20.289503,-5.619376
co.la plata,18.968084,41.574467,-22.606382
ca.merced,58.17073,74.11789,-15.947159
co.archuleta,34.81818,93.09091,-58.27273
ga.dougherty,4.3269434,4.340788,-0.01384449
ga.haralson,60.56,74,-13.439999
co.alamosa,17.113636,25.636364,-8.522728
la.red river,16.513514,19.35135,-2.8378372
la.ouachita,8.486101,11.235913,-2.7498121
wi.vilas,57.6,79.64,-22.04
ia.chickasaw,52.5,80.5,-28
ia.clarke,21.6,26,-4.3999996
wi.taylor,10.610738,15.684564,-5.073826
fl.collier,18.549952,21.533777,-2.9838257
ia.poweshiek,22.040817,30.571428,-8.530611
ia.des moines,15.00939,20.73709,-5.7276993
ia.boone,37.595238,51,-13.404762
in.porter,32.56467,50.602524,-18.037853
wi.lafayette,48.68,66.56,-17.879997
wi.ashland,24.485714,34.314285,-9.828571
wi.juneau,53.1,77.325,-24.224998
ks.sherman,19.96,26.72,-6.76
ks.sheridan,6.3584905,8.490566,-2.1320758
ar.st. francis,19.33051,20.423729,-1.0932198
ar.drew,21.836735,41.02041,-19.183674
ks.hodgeman,3.9736843,6.4473686,-2.4736843
ar.union,10.692771,12.20482,-1.5120487
ar.desha,14.08,16.16,-2.08
ar.faulkner,16.093485,18.15014,-2.056656
ar.lawrence,51.28,58.56,-7.2800026
ar.columbia,18.071428,20.77143,-2.7000008
ky.cumberland,13.68,18.4,-4.7199993
ky.clay,24.693878,33.122448,-8.42857
ky.allen,34.64,36.92,-2.2799988
ky.hart,43.04,58.2,-15.16
me.penobscot,1.5485123,3.2652006,-1.7166883
me.hancock,3.0175438,5.7807016,-2.7631578
me.knox,2.1284404,3.238532,-1.1100917
mi.eaton,86.666664,139.2,-52.533333
mi.kalkaska,52.875,86.625,-33.75
mi.schoolcraft,5.4324327,7.3513513,-1.9189186
mi.ionia,198.90909,331.13635,-132.22726
mi.monroe,29.760368,50.59908,-20.83871
mi.macomb,38.19827,58.070995,-19.872726
mi.gratiot,55.25373,143.19403,-87.9403
mi.muskegon,24.588377,41.048428,-16.46005
mi.st. clair,14.625628,25.324121,-10.698493
mi.wexford,16.55102,31.755102,-15.2040825
mi.gogebic,36.88,50.44,-13.559998
mi.charlevoix,34.2,62.48,-28.279999
mi.presque isle,13.535714,25.785715,-12.250001
mn.swift,15.586957,25.065218,-9.478261
mn.todd,29,41.859154,-12.859154
mn.lake of the woods,8.466666,11.533334,-3.0666676
mn.renville,27.731707,50.219513,-22.487806
mi.jackson,23.349615,38.51157,-15.161955
mo.crawford,38.514286,50.285713,-11.771427
mo.jefferson,55.820717,77.51793,-21.697212
wi.adams,50.44,68.64,-18.2
mo.lincoln,114.4,163.8,-49.4
mo.polk,24.418604,27.488373,-3.069769
mo.carroll,20.72,31.28,-10.560001
mo.pettis,25.551723,33.531036,-7.979313
mo.harrison,26.052631,36.57895,-10.526318
mo.johnson,37.413334,47.573334,-10.16
va.hanover,5.8448977,6.957143,-1.1122451
ms.madison,42.08209,49.58209,-7.5
nc.moore,9.58871,10.252688,-0.6639786
nd.foster,20.68,32.48,-11.799999
pr.cabo rojo,15.883721,17.744186,-1.860465
nj.camden,8.061527,11.915134,-3.8536072
mt.valley,24.28,30.48,-6.199999
nj.salem,9.243243,12.77928,-3.5360365
nm.san miguel,3.137143,4.88,-1.7428572
oh.highland,22.214285,31.37143,-9.157145
oh.holmes,24.666666,32.942028,-8.275362
oh.licking,26.952862,41.329967,-14.377106
oh.logan,16.495651,27.565218,-11.069567
oh.lorain,10.003745,18.13764,-8.133895
ut.juab,22.4,29.76,-7.3600006
nm.sierra,17.32,30.44,-13.120001
nm.lea,24.890995,36.677727,-11.786732
in.hancock,55.32353,91.22059,-35.89706
nm.guadalupe,31.7,75.6,-43.899998
nm.grant,8.43662,14.0422535,-5.6056337
nm.dona ana,0,0,0
ia.mills,1.3548766,2.0611045,-0.7062279
nm.mckinley,35.649124,54.986843,-19.337719
nm.bernalillo,16.129208,26.428713,-10.299505
ut.duchesne,13.020409,22.040817,-9.020409
ut.davis,35.937153,49.96303,-14.025879
fl.holmes,64.65,75.2,-10.549995
ut.sanpete,34.860466,60.953487,-26.093021
in.steuben,77.76,115.96,-38.199997
in.laporte,11.648,16.718,-5.0700006
in.lawrence,47.56,65.02,-17.459995
in.greene,58.24,84.44,-26.2
in.gibson,98.32,142.08,-43.760002
sd.hutchinson,12.64,18.76,-6.12
sd.turner,73,90.166664,-17.166664
sd.tripp,23.12,28.24,-5.119999
sd.moody,26.222221,34.166668,-7.9444466
in.hendricks,29.400698,46.850174,-17.449476
fl.washington,27.457626,31.898306,-4.4406796
fl.gadsden,2.7629688,2.8156424,-0.05267358
sd.fall river,7.66,10.14,-2.4800005
ny.cattaraugus,8.569893,13.704301,-5.134408
ne.harlan,8.421053,12.210526,-3.7894735
pa.wayne,3.821782,7.366337,-3.5445547
pa.bucks,16.685694,26.393625,-9.7079315
pa.armstrong,14.748387,23.522581,-8.774194
pa.blair,9.361204,16.227425,-6.8662205
ne.cherry,8.76,13.4,-4.6399994
ne.york,30.18421,40.31579,-10.131578
pa.crawford,9.698962,18.910034,-9.211072
pa.columbia,10.236994,12.66474,-2.4277458
nv.churchill,26.525,47.675,-21.15
nv.douglas,64.04348,151.13043,-87.08695
nv.humboldt,7.7014923,15.671641,-7.970149
nv.nye,22.826086,33.536232,-10.710146
nv.pershing,7.8157897,13.710526,-5.894737
pa.susquehanna,7.1538463,9.076923,-1.9230771
pa.lebanon,13.458677,18.477272,-5.0185947
pa.indiana,19.085365,28.756098,-9.6707325
pa.franklin,14.524038,24.314903,-9.790865
pa.dauphin,4.764083,6.643235,-1.8791523
in.rush,33.08,49.52,-16.439999
in.clinton,95.92,138.48,-42.559998
in.vermillion,35.2,56.12,-20.919998
ga.brooks,32.04,34.88,-2.8400002
pa.mercer,7.304189,12.806922,-5.5027328
in.warren,22,33.8125,-11.8125
oh.paulding,37,58.88,-21.880001
in.sullivan,53.2,88.24,-35.039997
in.scott,61.32,95.4,-34.08
in.fulton,44.48,66.92,-22.439999
ga.peach,24.5,26.46,-1.9599991
ga.monroe,47.52,49.84,-2.3199997
sd.brown,23.215117,29.936047,-6.72093
ga.butts,49.68,52.96,-3.2799988
va.henrico,9.308438,10.875849,-1.5674105
oh.wyandot,34.48387,57.870968,-23.387096
va.bristol,0,0,0
mn.waseca,43.714287,46.857143,-3.1428566
mn.yellow medicine,14.054545,20.236364,-6.181819
mn.becker,27.770115,47.896553,-20.126438
sc.horry,20.545683,22.25657,-1.7108879
mn.washington,88.94536,133.66667,-44.721313
mn.le sueur,115.333336,184.86667,-69.53333
tn.blount,15.084968,20.311546,-5.2265787
ny.broome,7.313013,8.665885,-1.3528719
me.oxford,7.72,13.04,-5.32
ok.murray,32.32,44.16,-11.84
tn.roane,32.2,41.72222,-9.522221
va.chesapeake,0,0,0
id.power,51.5,56.8,-5.299999
va.albemarle,7.7298245,7.9473686,-0.21754408
va.alexandria,0,0,0
id.canyon,58.5,76.91391,-18.41391
ny.cortland,8.240741,10.549383,-2.3086424
va.pulaski,7.133333,12.066667,-4.9333334
va.norfolk,0,0,0
va.warren,17,20.6,-3.6000004
va.newport news,0,0,0
id.madison,69.927536,81.565216,-11.63768
ok.blaine,11.857142,16.357143,-4.500001
va.salem,0,0,0
va.suffolk,0,0,0
va.emporia,0,0,0
va.fauquier,18.237114,22.659794,-4.42268
or.lane,9.971751,12.404897,-2.4331455
va.norton,0,0,0
va.dickenson,17.84,25.48,-7.6399994
va.arlington,21.248503,26.137724,-4.889221
va.james city,3.652661,4.2156863,-0.56302524
va.loudoun,24.718615,28.478355,-3.7597408
vt.windsor,4.65,6.6666665,-2.0166664
va.chesterfield,22.414164,26.096567,-3.6824036
oh.jackson,66.75,99.958336,-33.208336
ky.grant,37.92,65.52,-27.599998
oh.harrison,16.16,32.04,-15.880001
sc.georgetown,10.02349,10.936241,-0.9127512
sc.jasper,27.414635,28.878048,-1.4634132
sc.kershaw,26.46281,27.834711,-1.3719006
sc.lancaster,15.438735,18,-2.561265
oh.hancock,17.054726,25.731344,-8.676619
wa.snohomish,20.802895,27.545656,-6.7427616
sc.spartanburg,15.440084,17.851538,-2.4114532
sc.marlboro,16.98936,18.765957,-1.7765961
sc.clarendon,16.595505,18.134832,-1.5393276
sc.colleton,12.0992365,12.839695,-0.7404585
sc.anderson,12.149669,13.87947,-1.7298012
sc.lexington,22.823742,24.776978,-1.9532356
sc.laurens,36.30263,42.776318,-6.473686
sc.beaufort,23.676828,25.128048,-1.4512196
wa.lincoln,2.3529413,3.6117647,-1.2588234
va.harrisonburg,0,0,0
ut.weber,25.350584,35.27212,-9.921537
il.la salle,0,0,0
wa.grays harbor,8.642858,9.448052,-0.80519485
or.clackamas,14.061706,21.248638,-7.1869326
or.washington,14.6916,21.214039,-6.522439
wa.adams,25.578947,32.842106,-7.263159
wa.king,8.784841,12.205812,-3.4209719
id.idaho,22,29.121952,-7.121952
id.washington,33.88,44.88,-11
or.linn,19.887754,26.265306,-6.377552
ny.essex,8.9,11.125,-2.2250004
ny.fulton,10.027027,19.486486,-9.459459
ny.franklin,2.300578,3.8959537,-1.5953755
ny.genesee,11.083969,22.396946,-11.312977
ny.jefferson,2.5523255,5.5697675,-3.017442
ny.lewis,16.806452,29.032259,-12.225807
ny.niagara,8.632423,15.382023,-6.7495995
ny.oneida,5.825227,10.488871,-4.663644
ny.oswego,13.949368,26.322784,-12.373417
ny.otsego,3.4208333,5.0375,-1.6166666
sd.lincoln,50.211864,68.21186,-17.999996
ny.schenectady,6.265799,10.555762,-4.2899632
ky.fleming,8.807693,12.096154,-3.2884617
ny.tompkins,6.84434,9.783019,-2.9386792
ny.warren,1.7317073,1.9146341,-0.18292677
ky.harrison,9.213115,12.721312,-3.5081968
il.iroquois,23.761906,41,-17.238094
ky.trigg,19.52,24.16,-4.6399994
ny.albany,4.7445445,6.846598,-2.1020536
ky.leslie,14.48,21.36,-6.880001
ny.madison,10.960318,18,-7.0396824
il.hancock,61.5,97.333336,-35.833336
il.woodford,121.666664,191.83333,-70.166664
il.williamson,9.814385,13.635731,-3.8213453
md.st. mary's,27.073685,36.610527,-9.536842
nj.cape may,7.876033,10.822314,-2.9462814
il.jo daviess,48.16,67.64,-19.48
ky.wayne,36.84,52.08,-15.240002
ky.whitley,7.150183,8.813187,-1.6630034
ky.knox,56.8,63.36,-6.5600014
ky.laurel,19.12,23.84,-4.7199993
ky.lawrence,5.888889,9.222222,-3.3333335
md.howard,15.982788,20.07401,-4.091223
tx.brewster,29.24,63.56,-34.32
tx.yoakum,28.041666,36.916668,-8.875002
tx.coryell,109.72,132.8,-23.080002
tx.jones,17.747368,29.31579,-11.568422
tx.karnes,41.72,43.44,-1.7199974
tx.grimes,59.76,66.04,-6.2800026
il.ogle,209.75,300.0625,-90.3125
tx.matagorda,18.706667,21.253334,-2.546667
tx.fisher,13.571428,16.071428,-2.5
tx.lynn,17.708334,25.083334,-7.375
tx.throckmorton,1.8571428,2.142857,-0.28571427
tx.swisher,15.75,22.55,-6.799999
tx.culberson,16.785715,23.928572,-7.1428566
tx.upton,1.9318181,4.590909,-2.659091
ky.madison,36.26154,47.369232,-11.107693
ky.marshall,46.76,65.04,-18.280003
wv.grant,11.933333,24.088888,-12.155555
wv.mingo,14.236842,17.947369,-3.7105265
wv.mineral,69.92,155.92,-86
il.saline,13.357142,17.030613,-3.6734705
va.dinwiddie,5.7936506,6.34127,-0.54761934
vt.addison,8.64,10.4,-1.7599993
il.bond,8.48,11.78,-3.3000002
wi.calumet,182.28,216.32,-34.04001
il.shelby,52.433334,72.2,-19.766663
tx.val verde,37.458332,42.291668,-4.833336
ms.greene,116.71429,116.85714,-0.14285278
ms.newton,23.036364,25.981817,-2.9454536
mt.lincoln,34.96,52.12,-17.16
ms.attala,53.88,70.68,-16.8
ms.sunflower,14.642858,15.692857,-1.0499992
nc.bertie,166.83333,178.33333,-11.5
nc.chowan,7.764045,8.494382,-0.73033714
nc.durham,7.963485,9.071749,-1.108264
nc.gaston,24.781054,28.16842,-3.3873672
nc.wilson,14.302839,16.189274,-1.8864346
nc.yadkin,83.13636,103.045456,-19.909096
nc.transylvania,6.680851,7.574468,-0.89361715
nc.swain,6.0657897,7.131579,-1.0657892
nc.stokes,15,19.301075,-4.301075
nc.columbus,19.12987,25.642857,-6.512987
nd.mercer,73.23077,93.53846,-20.307693
nd.griggs,15.666667,24.833334,-9.166667
nd.barnes,46.64,76.04,-29.400002
nd.burleigh,25.396078,32.533333,-7.1372547
nd.cass,14.656894,19.393026,-4.7361326
nd.ramsey,52.44,72.84,-20.399998
nd.pierce,18,31.2,-13.200001
nd.ward,15.333966,23.149904,-7.815938
nd.cavalier,19.9,33.7,-13.800001
fl.taylor,17.947916,18.729166,-0.78125
fl.sumter,11.483776,11.952803,-0.46902657
fl.st. johns,29.677612,35.620895,-5.943283
fl.levy,38.55,44.275,-5.7250023
fl.alachua,7.8084984,8.4424925,-0.6339941
al.bibb,38.82857,46.74286,-7.9142876
az.yuma,0,0,0
al.winston,27.338984,32.64407,-5.305086
oh.belmont,8,13.553333,-5.5533333
oh.brown,1.7567861,2.9457111,-1.188925
al.crenshaw,8.182796,8.83871,-0.6559143
al.mobile,11.251426,12.497667,-1.2462416
oh.clinton,10.066667,14.345454,-4.2787876
al.russell,20.59322,21.940678,-1.3474579
tx.calhoun,41.88,45.04,-3.1599998
oh.fairfield,29.164705,43.9451,-14.780394
pr.caguas,8.388506,9.820689,-1.4321833
oh.fulton,16.470085,24.555555,-8.08547
nj.hunterdon,16.016304,21.891304,-5.875
oh.jefferson,4.1089287,8.125,-4.0160713
oh.knox,17.45045,31.55856,-14.1081085
oh.lake,17.351158,32.19608,-14.844921
nm.union,12.12,27.44,-15.320001
nm.socorro,31,48,-17
az.mohave,0,0,0
nm.lincoln,36.28,54.2,-17.920002
nm.luna,84.72,120.2,-35.479996
nm.cibola,47.4,79.28,-31.879997
nm.sandoval,23.324724,41.317345,-17.99262
pa.warren,2.455197,8.569893,-6.1146955
oh.sandusky,7.3850746,11.770149,-4.3850746
in.bartholomew,21.91414,37.39394,-15.479799
oh.scioto,6.7107625,9.782511,-3.0717483
nv.white pine,25.75,48.25,-22.5
ne.sarpy,64.52885,90.29327,-25.76442
ut.millard,15.486486,21.135136,-5.648649
ut.wasatch,138.47368,200.52632,-62.052643
in.miami,86.8,143.16,-56.36
in.montgomery,19.679611,33.737865,-14.058254
in.monroe,16.635,21.2475,-4.612499
in.wells,20.746836,33.468353,-12.721518
ak.anchorage,17.222124,24.899115,-7.6769905
in.orange,37.291668,49.625,-12.333332
ak.bethel,0,0,0
ms.winston,22.075758,29.454546,-7.378788
in.starke,23.301888,32.377357,-9.07547
in.knox,13.577143,20.617144,-7.040001
sd.douglas,29.90909,36.363636,-6.454546
in.whitley,62.466667,102.3,-39.833336
sd.edmunds,24,30,-6
va.giles,7.8,11.7,-3.8999996
pr.utuado,77.28571,99.42857,-22.14286
wv.wetzel,8.5,12.4827585,-3.9827585
md.carroll,9.498777,12.828851,-3.3300734
wv.barbour,7.5416665,11,-3.4583335
nc.alexander,77.6,105,-27.400002
sd.corson,35.416668,49.416668,-14
va.patrick,22.08,28,-5.92
wa.asotin,31.64,47.64,-16
va.new kent,4.072727,4.490909,-0.4181819
pa.beaver,13.921718,23.247475,-9.325757
de.new castle,11.888835,15.579403,-3.690568
pa.fulton,22.238094,43.57143,-21.333336
pa.washington,9.850498,15.970099,-6.1196012
pa.carbon,11.761291,21.006453,-9.245162
pa.lancaster,15.72817,23.71602,-7.98785
pa.northampton,30.468586,45.36911,-14.900524
nm.san juan,27.677902,42.925095,-15.247192
de.kent,22.694445,31.98611,-9.291666
wi.shawano,165.2,200.8,-35.600006
wi.saint croix,0,0,0
ak.juneau,0,0,0
ne.hall,26.830769,38.092308,-11.261539
la.saint bernard,0,0,0
ms.copiah,37.42,41.14,-3.7200012
mn.anoka,47.28022,74.17766,-26.897438
md.calvert,23.855263,27.657894,-3.8026314
il.st. clair,31.089605,42.666668,-11.577063
co.adams,22.81679,33.27315,-10.456362
ri.newport,12.775194,18.139534,-5.36434
sd.gregory,11.097561,14.707317,-3.6097565
ia.franklin,31.72,47.84,-16.12
ri.kent,20.451254,33.231197,-12.779943
ga.appling,28.469387,30.44898,-1.9795933
ia.carroll,18.215517,23.284483,-5.068966
ga.effingham,93.32,101.64,-8.32
va.bedford city,0,0,0
wi.dodge,40.285713,55.07347,-14.787758
wi.pepin,22.08,35.92,-13.839998
al.chilton,96.42308,99.30769,-2.884613
gu.guam,0,0,0
mt.silver bow,12.436893,22.718447,-10.281553
oh.tuscarawas,24.065657,40.727272,-16.661615
la.evangeline,8.788,12.068,-3.2799997
or.curry,7.5,11.833333,-4.333333
wv.brooke,3.857143,6.7016807,-2.8445377
id.twin falls,29.039526,37.4585,-8.418974
vt.washington,4.035,8.51,-4.4750004
az.apache,0,0,0
ne.johnson,21.055555,31.5,-10.444445
tx.randall,3118.75,4384.25,-1265.5
ga.irwin,14.676471,15.058824,-0.38235283
ia.linn,15.008841,22.961689,-7.9528484
ms.hinds,4.255144,5.00636,-0.75121593
la.bienville,44.190475,49.761906,-5.57143
ar.miller,37.225807,45.16129,-7.935482
ms.warren,5.1136365,5.573232,-0.45959568
va.lynchburg,0,0,0
pa.cambria,10.781145,22.272728,-11.491583
la.st. bernard,49.925,55.575,-5.6500015
mi.genesee,15.378957,23.49444,-8.115483
oh.ashtabula,7.179487,13.449883,-6.270396
ms.forrest,7.924771,8.594496,-0.66972494
il.hamilton,18.12,29.32,-11.199999
il.tazewell,55.066666,86.2,-31.133331
il.randolph,14.189474,19.273684,-5.0842094
il.mcdonough,18.242105,25.905264,-7.6631584
ok.garvin,19.633333,29,-9.366667
sd.spink,25.48,33.68,-8.200001
sd.beadle,96.16,129.76,-33.59999
il.franklin,99.4,136.24,-36.840004
il.clay,58.666668,91.888885,-33.222218
il.lawrence,53.52,102.2,-48.679996
il.macoupin,53.58,88.52,-34.939995
ak.wrangell-petersburg,0,0,0
tn.macon,81.12,95.68,-14.559998
tn.shelby,9.732335,11.414095,-1.6817598
tn.perry,10.886792,13.3396225,-2.4528303
tn.putnam,26.8583,29.465588,-2.6072884
ks.franklin,29.772728,40.5,-10.727272
ks.logan,3.5774648,5.028169,-1.4507043
ks.finney,38.878788,49.204544,-10.325756
ks.reno,26.596413,39.56502,-12.968609
ks.jefferson,11.8918915,18.81081,-6.9189186
ks.gove,4.4714284,5.571429,-1.1000004
ks.stafford,9.28,14.64,-5.3600006
ks.sumner,13.407895,21.31579,-7.907895
ga.worth,33.68,33.52,0.15999985
tx.san patricio,26.466667,30.373333,-3.9066658
tx.stephens,8.9,15.05,-6.1500006
tx.dimmit,8.645833,8.979167,-0.33333397
tx.navarro,18.728395,22.123457,-3.3950615
tx.hartley,12.523809,12.904762,-0.38095284
tx.somervell,20.125,30.5,-10.375
tx.cherokee,4.177156,4.2727275,-0.09557152
tx.atascosa,26.089552,27.119404,-1.0298519
tx.dawson,58.31818,68.818184,-10.500004
il.fayette,19.781818,29.790909,-10.00909
tx.refugio,18.65,22.2,-3.5500011
tx.starr,98.458336,102.770836,-4.3125
il.washington,18.2,27,-8.799999
tx.wharton,8.609524,9.619047,-1.0095234
tx.tyler,7.020408,7.142857,-0.12244892
ga.barrow,70.98214,76.89286,-5.910721
tx.deaf smith,53.57143,65.71429,-12.142857
oh.warren,30.965609,45.420635,-14.455027
va.rockingham,11.52521,12.47479,-0.94957924
va.shenandoah,65.56,82.6,-17.04
ks.allen,9.32,15.24,-5.92
ok.cherokee,27.183674,35.438774,-8.2551
ne.madison,12.459075,18.128115,-5.6690397
ga.screven,20.36,22.44,-2.08
tx.bailey,20.48,27.08,-6.6000004
al.greene,25.9,30.5,-4.6000004
al.butler,13.691489,14.968085,-1.2765961
ia.howard,32.210526,47.894737,-15.684212
il.henry,36.59302,63.755814,-27.162792
co.lake,13.84,21.44,-7.6000004
co.kiowa,1.1190476,1.9285715,-0.8095238
ca.imperial,66.839554,78.72388,-11.884323
ga.grady,18.233334,18.75,-0.5166664
ga.washington,10.620689,12.456897,-1.8362074
ga.elbert,25.788462,29.807692,-4.01923
ga.emanuel,20.86111,22.63889,-1.7777786
ga.morgan,18.02,19.24,-1.2199993
ga.macon,7.755102,8.142858,-0.3877554
ga.lowndes,14.348361,15.534836,-1.1864748
nc.pender,24.5,28.10465,-3.6046505
ca.yuba,16.069365,24.884394,-8.815029
la.st. charles,49.76271,66.89831,-17.135597
la.franklin,42.720932,52.139534,-9.418602
la.west feliciana,39.045456,38.363636,0.6818199
la.sabine,39.409092,53.772728,-14.363636
la.livingston,119.01695,160.11864,-41.101685
ca.plumas,3.1149426,5.37931,-2.2643676
nc.nash,12.181142,13.220843,-1.0397015
nc.new hanover,10.141743,11.408322,-1.2665796
la.allen,29.039474,30.276316,-1.2368412
ga.bleckley,30.16,33.6,-3.4399986
ga.houston,20.213768,21.836956,-1.623188
ga.hall,22.004566,22.697107,-0.6925411
ga.dodge,12.361702,14.787234,-2.4255323
ga.clinch,21.96,24.72,-2.7600002
ga.spalding,16.81875,18.7875,-1.96875
ga.baldwin,7.6684933,7.9890413,-0.32054806
ga.glynn,11.36409,12.089775,-0.7256851
ga.pulaski,10.061225,10.448979,-0.38775444
ga.wayne,20.022728,21.704546,-1.681818
ga.toombs,31.631578,33.210526,-1.5789471
ga.troup,15.373188,15.960145,-0.586957
ga.laurens,7.7880435,8.404891,-0.6168475
ca.tehama,22.847826,31.804348,-8.956522
co.weld,41.758106,66.900246,-25.14214
ca.amador,21.538462,70.71154,-49.17308
ca.del norte,9.979591,18.387754,-8.408163
ca.calaveras,13.958333,22.6875,-8.729167
ca.colusa,18.916666,27.916666,-9
ca.glenn,23.553192,30.468084,-6.914892
ca.siskiyou,14.754098,27.770493,-13.016395
co.mesa,13.574428,24.42748,-10.853053
ga.wheeler,17.12,19.48,-2.3599987
ga.gordon,56.753624,66.94203,-10.188408
ga.forsyth,26.348684,29.74671,-3.3980255
ga.seminole,8.923077,10.461538,-1.5384617
la.madison,45.92,58.04,-12.120003
la.st. helena,23.48,27.12,-3.6400013
wi.green,20.705263,25.989473,-5.28421
wi.waupaca,175.8,218.76,-42.95999
ks.geary,9.359713,13.568345,-4.2086325
ia.johnson,6.917344,9.293361,-2.3760166
ar.pike,14.71875,18.6875,-3.96875
ar.baxter,6.0373135,8.082089,-2.044776
ar.fulton,24.6,29.92,-5.3199997
ar.pope,24.62353,28.688236,-4.064707
ar.greene,28.124031,38.67442,-10.550388
ar.independence,11.547739,13.256282,-1.7085428
ks.marion,9.884615,14.826923,-4.9423084
ky.clinton,14.880953,19.738094,-4.8571415
ky.green,19.114286,25.485714,-6.3714275
ky.nicholas,10.777778,12.777778,-2
ar.howard,44.8,53.5,-8.700001
ky.owen,11.48,17.84,-6.3600006
md.charles,55.573032,68.98876,-13.4157295
me.washington,4.02,6.86,-2.8400002
me.piscataquis,1.375,2.9583333,-1.5833333
mi.huron,13.227273,25.613636,-12.386363
mi.clinton,131.4,201.32,-69.92001
mi.benzie,69.25,130.375,-61.125
mi.newaygo,77.96,121.96,-44
mi.mecosta,21.115942,30.10145,-8.985508
mi.osceola,27.08,46.16,-19.08
mi.clare,19.65306,30.591837,-10.938776
mi.chippewa,29.768293,103.68293,-73.914635
mi.baraga,39.866665,70.2,-30.333332
mo.cole,25.49627,35.13806,-9.641792
mo.gentry,14.142858,21.142857,-6.999999
mo.scotland,8.2,12.56,-4.3600006
mo.howell,12.244604,14.47482,-2.230216
mo.taney,20.917198,26.471338,-5.55414
mo.adair,14.978495,21.139786,-6.161291
mo.pike,43.12,68.32,-25.2
mo.butler,17.380281,22.176056,-4.7957745
sd.ziebach,32,48,-16
ms.jasper,62.125,65.0625,-2.9375
nc.franklin,27.963856,34.457832,-6.4939766
nc.lee,21.834646,22.968504,-1.1338577
nc.granville,20.049295,22.521128,-2.4718323
nc.macon,12.337349,13.530121,-1.1927719
nc.jackson,19.406977,21.023256,-1.6162796
nc.wayne,20.155064,22.050632,-1.8955688
nc.vance,20.313726,27.049019,-6.7352924
nc.watauga,18.91453,19.957266,-1.042736
nc.surry,14.380531,17.743362,-3.362831
nc.alleghany,11.097561,12.341463,-1.2439022
nc.alamance,34.39916,40.134453,-5.7352943
nc.ashe,12.381579,16.013159,-3.6315794
nc.polk,15.314285,15.942857,-0.6285715
nc.scotland,20.711538,22.740385,-2.0288467
nc.mitchell,13.956522,19.956522,-6
nc.montgomery,41.72973,45.08108,-3.3513527
nc.dare,35.809525,49.42857,-13.619045
nc.onslow,21.19608,25.562092,-4.3660126
nd.bottineau,23.24,30.88,-7.6399994
nd.adams,7.52,10.52,-3.0000005
nd.emmons,25.357143,32.214287,-6.8571434
nd.bowman,11.956522,11.217391,0.739131
nd.wells,15.04,19.24,-4.2
nd.stark,76.16,87.86,-11.699997
az.la paz,0,0,0
in.henry,35.366665,47.788887,-12.422222
ne.lancaster,14.376661,19.456425,-5.0797634
in.howard,19.66929,33.220474,-13.551184
fl.calhoun,38.6,43.52,-4.920002
fl.nassau,66.333336,77.22222,-10.8888855
pa.butler,15.258398,25.113695,-9.855297
pa.wyoming,11.5625,19.5,-7.9375
pa.bedford,43.816326,78.81633,-35.000004
tx.martin,14.777778,28,-13.222222
ne.holt,13.232558,16.930233,-3.6976748
ne.brown,8.173913,10.695652,-2.521739
pa.centre,16.333334,17.751143,-1.4178085
oh.union,28.257732,44.917526,-16.659794
nv.lincoln,12.35,23.55,-11.199999
nv.lander,9.9,16.566668,-6.666668
nv.mineral,4.542857,11.171429,-6.6285715
pa.lawrence,9.275316,14.50633,-5.2310133
mo.platte,19.907217,25.845362,-5.9381447
ne.kearney,53.7,74,-20.3
oh.gallia,4.163763,7.184669,-3.020906
va.smyth,3.352785,4.1538463,-0.80106115
nd.pembina,34,51.3,-17.3
mn.lincoln,9.5,12.75,-3.25
mn.lyon,34.256756,52.48649,-18.229733
ny.allegany,17.18421,29.342106,-12.157896
or.deschutes,9.788961,15.00974,-5.2207785
ny.columbia,6.0260415,7.6875,-1.6614585
or.lake,2.2816901,4.71831,-2.4366198
or.klamath,12.989796,23.489796,-10.5
vt.bennington,2.7373738,3.6969697,-0.9595959
va.hampton,0,0,0
or.union,34.88,53.48,-18.599998
or.polk,101.666664,155.2,-53.533333
wa.chelan,17.06773,23.876493,-6.8087635
or.yamhill,16.164062,22.140625,-5.9765625
or.benton,5.969512,7.835366,-1.8658538
tx.knox,4.607143,5.178571,-0.5714283
il.ford,13.955224,23.328358,-9.373134
il.fulton,19.408602,29.096775,-9.688173
md.kent,20.192308,26.384615,-6.1923065
tx.fannin,3.7003155,4.3059936,-0.6056781
tx.bosque,23.16,24.84,-1.6800003
il.coles,30.618645,39.584747,-8.966103
tx.mitchell,15.8,21.52,-5.7200003
tx.haskell,4.28,4.52,-0.23999977
tx.collingsworth,8.1875,59.5625,-51.375
il.de witt,29.04,39.6,-10.559998
wv.summers,12.44,17.92,-5.4800005
ky.monroe,16.55102,24.367348,-7.816328
ky.montgomery,13.710843,18.012049,-4.3012056
wv.taylor,18.16,32.52,-14.360001
nj.warren,9.592233,13.964401,-4.3721685
ok.kiowa,11.710526,16.18421,-4.4736834
ok.le flore,64.48837,72.74419,-8.255814
il.lee,28.525,43.525,-15.000002
il.livingston,62.761906,103.28571,-40.523808
ky.carroll,16.56,24.12,-7.5600014
ky.pulaski,9.957597,15.80212,-5.8445234
md.talbot,6.9848485,7.992424,-1.0075755
ky.crittenden,6.0833335,7.1041665,-1.020833
ok.mcclain,73.23077,98.25641,-25.025642
ok.love,27.16,41.48,-14.32
ok.logan,74.72,96.84,-22.119995
ok.lincoln,31.92,39.76,-7.8399982
ok.jefferson,15.777778,28,-12.222222
ok.hughes,25.84,31.72,-5.879999
md.worcester,36.622223,39.044445,-2.4222221
ok.harmon,6.52,8.04,-1.52
vt.franklin,4.9857144,10.985714,-5.9999995
sc.berkeley,154.5,166.12,-11.619995
ok.johnston,24.12,30.52,-6.3999996
mt.deer lodge,3.0306513,3.7931035,-0.7624521
ks.johnson,19.33892,26.412167,-7.073246
tx.polk,27.40909,28.787878,-1.378788
ia.plymouth,122.4,151.84,-29.439995
tx.wilbarger,1.195051,1.6870451,-0.49199414
tx.andrews,33.97059,45.294117,-11.323528
tx.washington,17.25,21.333334,-4.083334
ok.coal,17.1,29.75,-12.65
or.jackson,8.484404,12.577982,-4.0935783
tx.wise,13.304348,23.48913,-10.184782
mn.cass,337.4,570.2,-232.80002
sd.meade,78.68,102.2,-23.519997
mn.olmsted,3.6787736,5.4150944,-1.7363207
mn.st. louis,9.526222,15.542222,-6.016
ne.gage,64.72,93.36,-28.64
ks.labette,17.22388,25.61194,-8.38806
ga.ben hill,15.786667,15.64,0.14666653
tx.ward,18,32.6,-14.599998
tx.hansford,10.44,11.64,-1.2000008
tx.colorado,7.223301,10.84466,-3.6213589
ia.jasper,35.735294,49.07353,-13.338234
ia.buchanan,10.875,16.366667,-5.491667
ia.keokuk,27.96,47.36,-19.400002
ia.davis,20.64,32.88,-12.240002
ia.fremont,16.48,20.28,-3.8000011
ia.grundy,11.4375,18.15,-6.7124996
ia.hancock,39.4,59.44,-20.039997
co.delta,19.469387,42.387756,-22.91837
co.phillips,5.05,9,-3.9499998
co.grand,11.522727,20.477272,-8.954545
ga.tattnall,49.32,51.12,-1.7999992
ga.bulloch,20.6,22.136843,-1.5368423
ga.decatur,21.425,22.5,-1.0750008
nc.lincoln,40.049503,45.732674,-5.6831703
ga.wilkes,20.16,25,-4.84
co.rio blanco,5.9142857,13.857142,-7.942857
wi.langlade,69.36,88.08,-18.720001
ia.muscatine,67.666664,98.875,-31.208336
co.las animas,14.08,25.2,-11.120001
co.pueblo,6.4388237,12.006471,-5.567647
ia.adams,9.136364,12.681818,-3.545454
ia.calhoun,45,73.8,-28.800003
ia.adair,20,29.2,-9.200001
ia.bremer,41.88,67.76,-25.880001
ia.delaware,61.04,78.64,-17.599998
ia.jackson,63.8,89.96,-26.16
ia.dallas,279.32,390.64,-111.32001
ia.mahaska,42.60606,55.18182,-12.57576
id.boundary,21.35,30.1,-8.75
ks.mitchell,3.96,8.386666,-4.4266663
ms.jefferson,13.433333,16.9,-3.4666662
mt.flathead,33.39827,45.45022,-12.051949
ks.jackson,69.75,106.25,-36.5
ar.phillips,6.709677,7.251613,-0.5419359
ar.johnson,17.7125,19.6875,-1.9750004
ar.hempstead,12.35443,15.1645565,-2.8101263
ks.stanton,4.529412,5.4411764,-0.9117646
mi.midland,11.204545,18.116882,-6.9123373
mi.kalamazoo,13.071863,17.778318,-4.706455
mi.allegan,71.42647,118.92647,-47.5
ms.alcorn,8.565,10.45,-1.8850002
mi.lapeer,19.295082,32.797813,-13.502731
mi.delta,108.92,141.24,-32.320007
mi.grand traverse,6.480106,10.278515,-3.798409
mi.crawford,5.7746477,9.9577465,-4.183099
mo.marion,20.838385,29.010101,-8.171717
mo.madison,6.9722223,9.138889,-2.166667
mo.laclede,36.275864,40.551723,-4.27586
mo.nodaway,26.679012,33.987656,-7.3086433
mo.audrain,17.636364,18.761364,-1.125
mo.randolph,13.76,18.14,-4.379999
mo.stoddard,38.125,50.583332,-12.458332
mo.scott,20.86111,28.375,-7.5138893
mo.callaway,43.053333,60.81333,-17.759998
mo.pemiscot,7.0838323,8.389221,-1.3053889
mo.lawrence,15.674242,19.787878,-4.113636
mo.linn,6.740741,8.518518,-1.7777777
ms.clarke,41,42.68,-1.6800003
ms.lawrence,32.16,38.52,-6.3600006
wy.lincoln,19.368422,24.868422,-5.5
wy.park,31.48,42.64,-11.16
wy.hot springs,7.12,13.28,-6.16
wy.fremont,14.737904,22.903225,-8.165321
wy.carbon,32.52,52,-19.48
wy.washakie,33.055557,69.388885,-36.33333
wy.converse,28.04,37.28,-9.239998
wy.sweetwater,19.834784,37.452175,-17.617392
wy.campbell,37.533333,60.433334,-22.900002
mt.gallatin,92.62222,136.53334,-43.911118
nc.lenoir,9.762452,11.8505745,-2.0881224
nc.union,40.46696,46.753304,-6.2863426
nc.pitt,9.942794,10.821782,-0.87898827
nc.rockingham,9.948864,11.971591,-2.022727
nc.randolph,43.13793,51.041378,-7.903446
nc.richmond,13.202454,14.08589,-0.8834362
nc.orange,4.7466516,5.419643,-0.6729913
wy.johnson,15.96,26.56,-10.599999
wy.crook,21.4375,32.5625,-11.125
wy.big horn,23.52,33.44,-9.919998
wy.niobrara,5.5833335,11.541667,-5.9583335
wy.weston,35.666668,54,-18.333332
wy.goshen,35.04,68.08,-33.04
wy.platte,14.92,21.24,-6.3199997
fl.putnam,31.252525,32.79798,-1.5454559
fl.hardee,73.52,78.44,-4.920006
fl.gulf,59.210526,63.894737,-4.6842117
fl.desoto,52.34694,76.5102,-24.163261
fl.franklin,33.68,37.16,-3.4799995
fl.flagler,29.979797,33.939392,-3.9595947
fl.bradford,60.84,62.4,-1.5600014
oh.ashland,14.9430895,23.96748,-9.02439
al.baldwin,25.849247,29.012564,-3.1633167
az.gila,0,0,0
al.choctaw,17.76,18.28,-0.52000046
az.graham,0,0,0
az.santa cruz,0,0,0
or.crook,12.6,19.16,-6.5599995
al.geneva,16.554216,17.939758,-1.3855419
al.hale,28.179487,30.794872,-2.615385
al.monroe,9.521276,11.053191,-1.5319147
al.lee,27.06688,28.633759,-1.5668793
al.jackson,24.635294,30.7,-6.064707
al.pike,17.649485,18.814432,-1.1649475
oh.erie,8.04717,12.7853775,-4.738208
ms.leake,61.68,66.64,-4.959999
oh.hocking,33.1,58.733334,-25.633335
oh.geauga,10.996441,19.58363,-8.587189
pr.fajardo,4.03211,4.665138,-0.63302755
pr.humacao,2.9608939,3.3910615,-0.43016768
oh.lawrence,333.75,471.125,-137.375
nm.los alamos,4.12766,7.7021275,-3.5744677
nm.eddy,13.178707,18.395437,-5.21673
nm.rio arriba,20.975,37.075,-16.1
nm.curry,33.179245,47.566036,-14.386791
nv.elko,43.97333,65.666664,-21.693333
in.adams,62.2,99.71429,-37.514286
in.blackford,49.466667,75.333336,-25.866669
oh.shelby,28.811111,41.233334,-12.422222
ny.orleans,20.205128,27.358974,-7.1538467
ut.san juan,33.694443,40.666668,-6.972225
in.decatur,69.04,112.12,-43.08
in.jasper,42.652172,63.608696,-20.956524
ia.wapello,12.875576,17.364056,-4.4884796
sd.brule,24.2,33.04,-8.84
in.jay,37.314285,60.37143,-23.057144
sd.faulk,24.5,30.75,-6.25
sd.roberts,32.84,44.28,-11.439999
ct.middlesex,0,0,0
in.harrison,77.68,112.56,-34.879997
fl.suwannee,231.86667,236.33333,-4.4666595
sd.marshall,11,18.7,-7.700001
fl.baker,1.844368,1.9518486,-0.107480645
pa.venango,8.829268,15.530488,-6.7012196
sd.lake,19.659575,28.468084,-8.80851
pa.jefferson,15.214286,32.142857,-16.92857
pa.mckean,6.9130435,13.384058,-6.4710145
pa.elk,9.5875,15.9875,-6.4000006
in.putnam,70.52,98.04,-27.520004
in.clay,61.84,104.08,-42.24
in.randolph,65.6,105.84,-40.239998
ga.calhoun,13.72,13.56,0.15999985
ga.bacon,31.96,33.52,-1.5600014
in.wayne,18.099602,25.78486,-7.685259
oh.marion,21.048147,28.514814,-7.466667
ga.mitchell,46.95652,46.739132,0.21738815
ga.mcduffie,22.617022,23.829786,-1.2127647
wy.albany,33.131313,46.373737,-13.242424
sd.brookings,54.265305,69.34694,-15.0816345
in.jackson,32.591396,48.505375,-15.913979
oh.wood,32.52551,46.030613,-13.505104
sd.clay,59.24,77.88,-18.639996
or.coos,2.5833333,3.351852,-0.7685187
ny.chenango,13.465517,17.672413,-4.206896
va.northampton,2.5314686,2.7482517,-0.21678305
va.culpeper,35.271427,50.07143,-14.800003
va.stafford,38.76,47.45,-8.690002
va.wythe,8.453704,12.898149,-4.4444447
va.wise,24.05,32.833332,-8.783333
va.russell,13.371795,15.705129,-2.333334
va.tazewell,5.904762,8.142858,-2.2380958
ok.harper,11.64,21.52,-9.88
id.butte,10.142858,11.928572,-1.7857141
va.manassas,0,0,0
va.lancaster,3.3552632,3.7368422,-0.38157892
va.mecklenburg,10.878788,11.535354,-0.65656567
id.cassia,92.36,114.92,-22.559998
va.virginia beach,0,0,0
vt.windham,1.371179,2.344978,-0.9737991
tn.marion,20.132353,22.279411,-2.1470585
sc.union,8.538462,10.062937,-1.5244751
sc.fairfield,45.12,49.12,-4
oh.pickaway,59.52439,72.35366,-12.829269
ok.woods,27.2,45.88,-18.68
ok.custer,28.938272,37.246914,-8.308641
ok.nowata,19.08,23.88,-4.799999
sc.marion,11.669354,12.379032,-0.7096777
vt.orleans,8.68,17.68,-9
ok.ottawa,12.101796,13.658683,-1.5568867
ok.bryan,21.081081,27.378378,-6.2972965
ok.caddo,54.07143,70.21429,-16.142857
ok.canadian,66.35773,85.666664,-19.308937
ok.beaver,10.458333,15.708333,-5.25
ok.atoka,38.16,52.28,-14.119999
ok.adair,20.80597,25.402985,-4.5970154
ok.washita,38.5,58.42857,-19.92857
ok.roger mills,13.866667,16.466667,-2.6000004
ok.texas,79.09091,89.393936,-10.303024
ok.sequoyah,47.73171,55.536587,-7.804878
ok.marshall,35.32,59.44,-24.119999
ar.franklin,36.28,41.64,-5.3600006
tn.lincoln,43.836735,57.489796,-13.653061
ok.dewey,17.333334,30.333334,-13
il.christian,31.791044,43.880596,-12.089552
tn.trousdale,78.4,81.6,-3.199997
tn.lauderdale,89,106.16,-17.160004
tn.obion,21.832117,25.620438,-3.7883205
tn.bedford,14.240506,18.561182,-4.320676
tn.monroe,44.881355,54.01695,-9.135593
vt.caledonia,7.04,14.8,-7.76
wv.marion,5.5120773,9.096619,-3.5845413
tn.carroll,18.304348,22.034782,-3.7304344
tn.claiborne,13.317647,20.235294,-6.9176474
pr.aibonito,2.44,2.9133334,-0.47333336
tn.cumberland,16.089947,20.142857,-4.05291
tn.decatur,25.65,29.4,-3.75
tn.hamblen,13.801325,16.360928,-2.5596027
tn.coffee,15.727273,17.518183,-1.7909098
tn.fentress,16.282352,18.07059,-1.7882366
tn.wilson,18.297958,23.457144,-5.1591854
tn.wayne,25.85,31.15,-5.299999
ia.clay,13.676767,19.595959,-5.9191914
ga.liberty,26.28125,28.546875,-2.265625
ga.stephens,18.1875,18.625,-0.4375
la.cameron,6.7755103,7.6530614,-0.8775511
ga.coffee,37.727272,39.602272,-1.875
ga.dade,47.615383,56.153847,-8.538464
la.assumption,188.16667,233.66667,-45.5
ia.cass,27.30303,36.78788,-9.48485
ia.ida,24.08,34.08,-10.000002
ia.jefferson,33.04,54.52,-21.48
ia.allamakee,39.2,57.84,-18.64
ia.crawford,75.76,82.72,-6.959999
ia.van buren,16.4,23.32,-6.92
ia.osceola,23.28,29.92,-6.6399994
ia.pocahontas,25,38.2,-13.200001
ia.ringgold,9.3125,13.96875,-4.65625
ia.shelby,33.64,47.52,-13.880001
ia.wright,29.531916,39.68085,-10.148935
ia.washington,63.64,93.08,-29.440002
ia.wayne,13.08,18.36,-5.2800007
ia.winneshiek,46.6,65.88,-19.279999
mi.manistee,10.933333,17.711111,-6.7777777
pr.carolina,24.291845,26.695278,-2.4034328
mn.carlton,36.836067,66.508194,-29.672127
mn.wright,91.625,156.76923,-65.144226
mn.isanti,26.60465,44.453487,-17.848837
mn.norman,28.071428,44,-15.928572
mn.polk,32.217392,53.532608,-21.315216
mn.big stone,9.5,12.6,-3.1000004
mn.mcleod,23.443478,44.83478,-21.391304
mn.watonwan,38.72,53.28,-14.559998
mn.lac qui parle,14.90625,22.78125,-7.875
mn.mahnomen,19.277779,30.11111,-10.833332
mn.blue earth,16.875,25.441177,-8.566177
mn.scott,69.04929,111.45071,-42.401413
mn.mille lacs,65.14286,108.21429,-43.071426
mn.murray,27,38.56,-11.560001
mn.pipestone,18.59091,26.636364,-8.045454
mn.grant,11.066667,18.9,-7.833333
mn.nicollet,109.82353,169.64706,-59.823532
mn.beltrami,17.893618,26.248226,-8.354609
mn.clearwater,24,42.96,-18.96
mn.jackson,32.45,49.45,-17
mn.morrison,54.469387,88.20408,-33.73469
mn.hubbard,25.2,38.38,-13.18
mn.wadena,19.77551,31.938776,-12.163265
mn.faribault,16.627907,25.930233,-9.302326
nd.mcintosh,6.681818,7.0227275,-0.34090948
nd.mckenzie,39.958332,49.166668,-9.208336
or.baker,5.3846154,8.015385,-2.6307693
or.umatilla,10.487912,12.410989,-1.9230766
ia.sac,38.12,52.64,-14.52
ia.kossuth,53.28,75.4,-22.120003
ia.buena vista,94.02857,113.51428,-19.48571
or.josephine,5.856,9.84,-3.9840002
ia.montgomery,23,35.12,-12.119999
ia.audubon,12.84,16.32,-3.4799995
ia.dickinson,31.489796,42.408165,-10.918369
oh.greene,31.274677,45.95279,-14.678112
oh.henry,43.903225,61.096775,-17.19355
oh.huron,17.755396,29.503597,-11.748201
ia.greene,22.88,35.2,-12.320002
ia.guthrie,33.2,44,-10.799999
oh.madison,24.138298,33.48936,-9.351063
nm.otero,25.464285,35.482143,-10.0178585
nm.roosevelt,37.833332,56.033333,-18.2
ia.humboldt,17.244898,25.510204,-8.265306
tx.comanche,25.4,29.4,-4
ut.washington,21.185322,30.557798,-9.372477
oh.medina,28.514523,48.240665,-19.726143
oh.mercer,39.136364,53.295456,-14.159092
oh.miami,26.764706,40.35294,-13.588234
oh.muskingum,11.884735,19.42056,-7.5358257
ia.fayette,23.2,35.66,-12.459999
ia.benton,73.36,113.24,-39.879997
ia.mitchell,35.52,58.32,-22.8
ia.monroe,19.32,24.84,-5.5200005
ia.appanoose,19.066668,31.377777,-12.31111
ia.marshall,29.608,41.264,-11.656
sd.mcpherson,26.5,39,-12.5
sd.walworth,22.32,27.8,-5.4799995
ct.new london,0,0,0
la.claiborne,17.425531,18.93617,-1.5106392
sd.day,17.92,25.6,-7.6800003
ia.madison,32.16,42.76,-10.599998
la.iberville,227.6,326.6,-99
ne.polk,20.5625,25.375,-4.8125
ne.platte,65.64706,92.17647,-26.529411
ne.red willow,31.12,45.28,-14.159998
mn.rock,33.07143,48.25,-15.17857
ne.butler,33.75,48.6,-14.849998
pa.clinton,9.810811,19.657658,-9.846847
il.clinton,54.228573,72.91428,-18.68571
ne.antelope,10.162162,13.216216,-3.0540543
ne.kimball,20.333334,29.333334,-9
oh.washington,8.645833,16.758333,-8.1125
ar.scott,18.916666,25,-6.083334
pa.somerset,12.138392,25.477678,-13.339286
ne.pierce,11.8,16.725,-4.925
pa.mifflin,21.593496,42.593494,-20.999998
me.androscoggin,3.8819876,5.583851,-1.7018633
in.boone,63.48077,95.51923,-32.038464
pa.greene,12.662337,23.428572,-10.766234
ms.covington,43.028572,50.114285,-7.0857124
ga.gilmer,29.16,30.48,-1.3199997
pa.monroe,13.535384,21.95077,-8.415385
ms.marion,28.755102,33.489796,-4.7346935
ga.greene,10.932432,11.472973,-0.5405407
mn.wabasha,50.76,80.04,-29.280003
sd.hughes,36.1,46.08,-9.980003
ga.paulding,20.227425,24,-3.7725754
mn.winona,32.545456,47.545456,-15
al.macon,5.7552447,7.048951,-1.2937064
ma.franklin,9.629213,13.157304,-3.5280905
va.montgomery,16.785156,18.324219,-1.5390625
oh.wayne,24.89674,35.961956,-11.065216
ms.tippah,59.28,66.68,-7.4000015
ms.stone,37,49.16,-12.16
mn.otter tail,28.075188,49.661655,-21.586468
mn.lake,19.24,34.44,-15.199999
mn.koochiching,9.612245,15.204082,-5.591837
mn.traverse,6.76,10.8,-4.04
mn.pennington,23.171429,42.314285,-19.142857
mn.chisago,59.491802,93.52459,-34.032787
mn.kanabec,16.244898,26.530613,-10.285715
mn.kittson,20.4,35.933334,-15.533335
mn.roseau,58.56,103.8,-45.24
mn.kandiyohi,35.97059,56.42647,-20.455883
mn.meeker,48.057144,90.942856,-42.88571
mn.aitkin,34.84,61.6,-26.759998
mn.carver,51.972477,90.642204,-38.669727
mn.crow wing,19.424528,32.377357,-12.952829
mn.sherburne,126,217.88889,-91.888885
mn.stevens,11.055555,17.814816,-6.75926
mn.wilkin,20.04,32.24,-12.200001
mn.redwood,46.76,83.08,-36.320004
mn.sibley,45.3,81.45,-36.149998
me.franklin,4.4615383,7.230769,-2.7692308
mn.rice,96.061226,164.7347,-68.67347
mn.dakota,101.189186,159.51352,-58.324333
ny.cayuga,13.373737,19.979797,-6.60606
or.harney,5.318182,9.227273,-3.909091
id.minidoka,74.32,89.32,-15
wa.benton,21.46085,28.910515,-7.449665
id.jerome,82.44,108.08,-25.64
or.malheur,52.77551,57.02041,-4.2448997
va.prince edward,7.913793,8.620689,-0.7068963
va.charlottesville,0,0,0
va.spotsylvania,36.1,42.3,-6.200001
va.galax,0,0,0
va.halifax,4.71875,5.7760415,-1.0572915
va.prince william,83.510284,97.06173,-13.551445
va.roanoke,32.045456,42.581818,-10.536362
va.fredericksburg,0,0,0
va.hopewell,0,0,0
va.gloucester,8.641791,10.029851,-1.3880596
va.lee,15.6285715,20.928572,-5.3
va.franklin,50.10811,65.51351,-15.405403
va.winchester,0,0,0
va.alleghany,2.2146342,3.3414633,-1.1268291
va.williamsburg,0,0,0
vt.rutland,2.4471545,4.3170733,-1.8699188
va.roanoke city,5.0255556,5.882222,-0.85666656
oh.hardin,55.6,101.88,-46.28
vt.chittenden,3.3772242,4.8469753,-1.4697511
vt.orange,10.76,23.52,-12.76
wa.jefferson,7.52,12.12,-4.6
sc.hampton,28.34375,29.875,-1.53125
wa.yakima,31.916666,38.178032,-6.261366
wa.cowlitz,8.633663,12.574258,-3.9405947
oh.ottawa,67.16,106.48,-39.32
sc.sumter,16.15901,17.597174,-1.4381638
wa.pierce,9.025332,11.69809,-2.6727571
pa.fayette,12.515901,24.339222,-11.823321
sc.dillon,21.898735,22.594936,-0.6962013
sc.darlington,18.297873,19.148935,-0.8510628
sc.lee,46.95,49.05,-2.0999985
sc.allendale,18.56,19.76,-1.2000008
sc.newberry,25.844444,27.822222,-1.9777775
sc.orangeburg,13.853821,14.827243,-0.97342205
tn.haywood,49.916668,53.88889,-3.9722214
va.lexington,0,0,0
oh.champaign,176.375,297.375,-121
va.bath,3.56,4.96,-1.4000001
wa.ferry,5.28,15.68,-10.4
mt.lewis and clark,18.064676,29.462687,-11.39801
wa.thurston,7.9662447,10.584388,-2.618143
co.moffat,16.12,33.64,-17.519999
id.clearwater,8.73494,15.240964,-6.5060244
id.latah,77.12,96.16,-19.04
or.clatsop,1.5259515,1.532872,-0.006920457
id.shoshone,25.44,37.28,-11.839998
id.benewah,17,21.631578,-4.6315784
ny.herkimer,40.8,72,-31.2
or.wasco,13.489796,17.020409,-3.530613
or.wallowa,1.2807018,1.5614035,-0.28070176
or.tillamook,7.16,9.96,-2.8000002
id.bonner,53.64,74.72,-21.080002
or.morrow,34.666668,38.42857,-3.7619019
id.valley,12.76,18.8,-6.039999
id.lemhi,24.555555,32.666668,-8.111113
or.lincoln,14.82,20.52,-5.700001
sd.jerauld,15.5,18.625,-3.125
sd.bon homme,31.422222,44.333332,-12.91111
tn.marshall,81.96,97.48,-15.520004
ny.putnam,21.707317,34.32927,-12.621952
ky.harlan,7.3533335,8.44,-1.0866661
ny.schoharie,6.975,10.75,-3.775
ny.schuyler,14.8,21.52,-6.7200003
ky.graves,20.074766,32.149532,-12.074766
ny.yates,13.8,19.6,-5.8
ny.wyoming,12.435484,23.17742,-10.741936
ky.letcher,7.322222,8.266666,-0.9444442
ny.livingston,15.179105,24.238806,-9.059701
il.greene,3.3986013,5.43007,-2.0314686
il.jersey,32.265305,53.387756,-21.122452
md.garrett,19.90909,46.945454,-27.036364
tx.burleson,29.08,35.64,-6.5599995
tx.concho,8.1875,11.125,-2.9375
tx.parmer,31.2,34.72,-3.5200005
tx.sabine,5.36,5.92,-0.55999994
tx.lampasas,19.2,19.64,-0.43999863
tx.sutton,19.916666,31.75,-11.833334
ky.scott,27.32,32.946667,-5.626667
wv.putnam,33.985714,49.7,-15.714287
ky.boyd,5.257143,8.604396,-3.3472528
wv.wood,9.488636,17.667614,-8.178978
ky.bourbon,11.586206,14.5,-2.9137936
il.stephenson,27.74,40.1,-12.359999
ky.calloway,13.171053,17.236841,-4.0657883
ky.nelson,60.425,89.325,-28.899998
ky.morgan,15.92,24.4,-8.48
ok.pawnee,51.642857,73.42857,-21.785717
ok.osage,57.25,63.325,-6.075001
ok.cimarron,3.32,4.84,-1.5200002
sd.kingsbury,78.833336,113.833336,-35
il.crawford,20.698412,24.539682,-3.8412704
tn.polk,32.84,35.56,-2.7200012
tn.scott,55.04,87.6,-32.559998
tn.carter,27.305784,36.644627,-9.338842
tn.warren,22.992,29.176,-6.184
tn.clay,19.060606,21,-1.939394
tn.smith,45.285713,53.45714,-8.171429
tn.fayette,255.1,286.1,-31
tn.tipton,41.81,52.68,-10.869999
tn.lawrence,32.59596,40.565655,-7.969696
tn.franklin,14.658959,18.300577,-3.6416178
tn.gibson,37.98,44.74,-6.760002
tn.giles,18.442104,21.263159,-2.8210545
tn.houston,25.48,29.88,-4.3999996
tn.hickman,56,64,-8
tn.hawkins,49.02,60.88,-11.860001
tn.weakley,17.242857,19.971428,-2.728571
tn.greene,15.895833,20.529167,-4.633334
tn.humphreys,34.32,40.68,-6.3600006
ks.kiowa,8.733334,11.866667,-3.1333332
pr.yauco,7.561905,8.514286,-0.95238113
ks.hamilton,2.4347825,4.173913,-1.7391305
ks.osborne,4.6,7.44,-2.8400002
ks.trego,4.112903,5.983871,-1.8709679
pr.arecibo,5.601227,6.4079757,-0.80674887
pr.lares,27.375,31.333334,-3.958334
pr.vega baja,12.16,13.906667,-1.7466669
pr.moca,8.330189,10.896227,-2.5660381
pr.arroyo,6.8157897,7.2105265,-0.39473677
wy.teton,38.583332,57.208332,-18.625
tx.terry,25.333334,30.8,-5.4666653
tx.hemphill,10.884615,13.692307,-2.8076925
tx.johnson,51.51095,67.60584,-16.094894
tx.castro,30.411764,40,-9.588236
tx.van zandt,40.96154,56.25,-15.28846
tx.hamilton,7.9761906,9.261905,-1.2857141
tx.rusk,14,14.6875,-0.6875
tx.scurry,69.4,81.96,-12.559998
tx.stonewall,1.55,1.65,-0.100000024
ga.fannin,22.98,23.96,-0.97999954
tx.nolan,10.858824,14.235294,-3.3764706
hi.kauai,0.75609756,1.2317073,-0.47560978
al.cherokee,19.15,21.45,-2.3000011
ga.catoosa,14.027933,16.810057,-2.7821236
ga.thomas,3.2710843,3.3313253,-0.060240984
ga.newton,44.019802,47.881187,-3.8613853
ga.burke,33.8,35.85,-2.0499992
ga.camden,51,57.075,-6.075001
ga.jackson,44.677776,51.1,-6.422222
ga.hart,12.573171,15.634147,-3.060976
il.hardin,6.8,11.68,-4.88
la.st. john the baptist,35.16129,43.935482,-8.774193
mi.cass,106.36,152.88,-46.520004
mi.iosco,19.265306,32.32653,-13.061224
mi.oceana,60,90.208336,-30.208336
mi.alpena,7.41129,17.282259,-9.870969
mi.ogemaw,8.272727,16.329546,-8.056819
sd.custer,56.363636,72.454544,-16.090908
sd.grant,30.04,38.84,-8.799999
sd.deuel,36.5,45,-8.5
sd.codington,37.419754,46.728394,-9.30864
sd.potter,48.166668,70.166664,-21.999996
ut.iron,50.333332,82.229164,-31.895832
ut.box elder,41.73846,63,-21.26154
ut.cache,52.109196,72.373566,-20.26437
ut.carbon,23.692308,38.666668,-14.9743595
ut.garfield,17.133333,26.333334,-9.200001
ut.kane,10.12,16.32,-6.2
ut.grand,20.705883,30.411764,-9.705881
ut.tooele,80.045456,113.818184,-33.772728
ut.summit,68.64865,87.89189,-19.24324
ut.sevier,35.482758,60.172413,-24.689655
ak.ketchikan gateway,0,0,0
ak.dillingham,0,0,0
ak.kodiak island,0,0,0
va.franklin city,6.522222,6.866667,-0.34444475
ar.izard,42.28,53.48,-11.200001
wv.tyler,16.416666,26.416666,-10
ks.bourbon,11.393442,15.213115,-3.8196726
wa.kitsap,7.8451443,10.677165,-2.8320208
mo.pulaski,44.52174,53.760868,-9.239128
ak.north slope,0,0,0
mt.big horn,31.868853,36.47541,-4.606558
ky.rowan,6.57047,9.852349,-3.2818794
ok.okfuskee,47.166668,66.625,-19.458332
sd.todd,30.085714,42.085712,-11.999998
wv.braxton,6.36,8.04,-1.6799998
wv.greenbrier,6.327869,11.360656,-5.032787
wv.logan,8.428572,9.914286,-1.485714
wv.roane,3.7833333,4.866667,-1.0833335
wv.hampshire,12.431818,23.181818,-10.75
wv.nicholas,4.409524,5.742857,-1.333333
wv.morgan,9.97561,13.121951,-3.1463413
wv.webster,6.6,8.533334,-1.9333339
wv.mcdowell,5.709677,11.467742,-5.7580647
wv.jackson,33.68,44.96,-11.279999
pa.huntingdon,20.76,27.63,-6.869999
pa.potter,6.4915257,16.033897,-9.542372
pa.tioga,17.385542,31.710844,-14.325302
pa.adams,35.86842,51.973682,-16.105263
tn.benton,38.68,56.96,-18.279999
tn.loudon,54.62,61.8,-7.1800003
tn.hardin,34.91379,37.224136,-2.3103447
tn.henderson,48.755554,54.444443,-5.6888885
tn.sevier,75.49367,92.025314,-16.531647
tn.dekalb,20.704226,26.352112,-5.6478863
tn.cannon,15.833333,20.866667,-5.033334
tn.white,34.783333,40.666668,-5.883335
tn.montgomery,29.366667,37.47778,-8.111113
tn.bradley,18.600574,23.451149,-4.8505745
tn.cocke,26,31.554054,-5.5540543
tn.cheatham,161.41667,199.5,-38.08333
tn.dickson,21.5414,28.21656,-6.6751595
tn.dyer,15.693334,18.093334,-2.4000006
tn.johnson,782,882.5,-100.5
tn.overton,14.570175,16.605263,-2.0350876
tn.sumner,24.915434,33.19873,-8.283297
tn.jefferson,47.53448,56.724136,-9.189655
tn.unicoi,53.4,76.4,-23
ok.kay,11.825397,17.15873,-5.333333
ok.pottawatomie,31.607693,39.553844,-7.9461517
ok.noble,26.653847,49.615383,-22.961536
ok.grady,41.97333,51.226665,-9.253334
ok.mayes,38.875,48.6875,-9.8125
ok.greer,16.944445,24.11111,-7.166666
ok.mccurtain,97.36,116.84,-19.479996
ok.ellis,10.16,24.2,-14.040001
ok.pushmataha,19.608696,23.304348,-3.695652
ok.washington,16.714285,21.642857,-4.9285717
ok.craig,20.09091,21.6,-1.5090904
va.buchanan,11.387755,13.755102,-2.3673468
ks.morton,1.5083333,2.475,-0.9666666
va.danville,0,0,0
sc.edgefield,51.44,54.92,-3.4799995
ga.whitfield,32.30142,40.287235,-7.985817
ga.chattahoochee,37.175438,38.42105,-1.2456131
ga.crisp,14.164384,15.232877,-1.0684929
fl.madison,27.56,30.86,-3.3000011
al.chambers,17.191305,20.32174,-3.130434
al.st. clair,126.45,149.675,-23.225006
wv.randolph,10.65,13.725,-3.0750008
ia.hamilton,50.96,81.92,-30.96
ks.washington,7.04,14.02,-6.9800005
ks.rice,22.92,40.68,-17.76
ks.mcpherson,20.448277,37.068966,-16.62069
mt.madison,22.5,34.1,-11.599998
mo.barton,27.16,31.8,-4.6399994
mo.dunklin,15.75,18.775862,-3.0258617
sc.abbeville,42.64,45.16,-2.5200005
sc.aiken,29.269388,31.057142,-1.787754
sc.pickens,46.17073,54.22561,-8.054878
sc.york,34.39521,42.18862,-7.7934113
sc.chester,21.512196,24.768293,-3.2560978
sc.oconee,23.218935,24.662722,-1.4437866
ks.nemaha,24.408163,39.632652,-15.224489
ks.neosho,34.56,54.68,-20.119999
wa.walla walla,8.332278,11.82595,-3.4936714
ks.lyon,50.288136,79.27119,-28.983051
ks.harvey,14.858156,24.361702,-9.503546
ks.norton,45.08,63.72,-18.64
ks.miami,6.6804123,9.113402,-2.43299
wa.grant,30.715054,38.41398,-7.698925
wa.spokane,10.838916,14.949495,-4.1105795
wa.columbia,2.32,4.72,-2.3999999
wa.clallam,3.5153375,5.797546,-2.2822084
wa.garfield,1.3333334,2.0444446,-0.7111112
wa.skagit,11.707317,16.839024,-5.131706
wa.kittitas,52.28,63,-10.720001
wa.klickitat,7.5,9.547619,-2.0476189
wa.mason,44.8,63.4,-18.600002
wa.okanogan,16.131868,17.67033,-1.5384617
wa.island,10.065789,13.842105,-3.7763157
wa.pend oreille,4.1216216,5.1216216,-1
wa.pacific,5.5686274,8.764706,-3.1960783
wa.whatcom,11.114625,15.035573,-3.920948
wa.stevens,9.4777775,16.1,-6.622223
wa.whitman,50.22,54.88,-4.66
ne.boone,14.92,20.2,-5.2800007
ne.box butte,28.36,42.84,-14.48
ne.nuckolls,10.52,14.88,-4.3599997
ne.custer,15.914286,22.257143,-6.3428574
ne.dawes,19.88,26.92,-7.040001
ne.buffalo,12.28882,16.82298,-4.5341606
ne.colfax,54.88,68.8,-13.920002
ne.richardson,17.916666,30.041666,-12.125
ne.dawson,38.37931,50.844826,-12.465515
ne.dundy,5.857143,8.928572,-3.0714288
ne.fillmore,18.8,30.55,-11.75
ne.franklin,13.071428,17.142857,-4.0714283
ne.nance,17.263159,27,-9.736841
ne.sheridan,12.72,17.4,-4.6799994
ne.lincoln,22.62931,34.00862,-11.379311
ne.howard,16.12,24.48,-8.359999
ne.merrick,26.6,45.1,-18.499998
ne.adams,12.621118,17.857143,-5.236026
ne.washington,56.56,84.8,-28.240002
ne.seward,40.125,59.416668,-19.291668
ne.hamilton,45.07143,67.85714,-22.78571
ne.dodge,40.123455,52.88889,-12.765434
ne.morrill,19.1,32.5,-13.4
ne.nemaha,25.8125,35,-9.1875
ne.boyd,7.35,9.7,-2.35
ne.burt,27.222221,45.61111,-18.38889
ne.keith,26.11111,48.22222,-22.11111
ne.pawnee,12.636364,22.818182,-10.181818
ne.perkins,9.35,16.6,-7.25
ne.phelps,25.4,33.24,-7.840002
ne.garden,8.6,12.9,-4.299999
ne.scotts bluff,22.680723,39.5,-16.819277
ne.rock,3.7083333,4.0833335,-0.37500024
ne.saunders,95,126,-31
ne.cheyenne,5.513274,10.238938,-4.725664
ne.cuming,26.48,36.04,-9.560001
ne.thayer,15.684211,29,-13.315789
ne.furnas,16.4,24.05,-7.6499996
ne.valley,13.875,19.6875,-5.8125
ne.webster,20.076923,27.307692,-7.230768
ks.cherokee,25.444445,31.12963,-5.6851845
ks.riley,38.311928,50.57798,-12.266052
ks.atchison,40.48,50.76,-10.279999
ks.grant,32.5,39.923077,-7.4230766
ks.cheyenne,14.3125,17,-2.6875
ks.thomas,9.295455,12.409091,-3.113636
ks.clay,19.4,34.6,-15.199999
ks.cloud,29.84,50.68,-20.84
ks.montgomery,10.953125,13.3671875,-2.4140625
ks.comanche,8.75,19.5,-10.75
ks.marshall,28.96,57.52,-28.560001
ks.decatur,3.5409837,4.7213116,-1.1803279
ks.edwards,9.318182,14.409091,-5.090909
ks.ellsworth,36.64,49.88,-13.240002
ks.crawford,18.876713,24,-5.123287
ks.graham,7.36,12.32,-4.9599996
ks.greeley,1.78,2.54,-0.76
ks.ellis,16.151163,20.55814,-4.4069767
ks.dickinson,6.518248,8.6861315,-2.1678834
ks.jewell,5.96,13.72,-7.76
ks.lane,6.529412,10.882353,-4.352941
ks.pawnee,1.3072101,1.7194357,-0.4122256
ks.lincoln,10.285714,24.071428,-13.785714
ks.meade,17.05,23.25,-6.200001
ks.clark,1.6565657,2.6161616,-0.9595959
ks.morris,11.96,19.8,-7.839999
ks.phillips,20.28,28.68,-8.4
ks.pratt,6.8705883,10.917647,-4.047059
ks.rawlins,11.166667,13,-1.833333
ks.republic,7.3174605,14.238095,-6.9206347
ks.rooks,20.1,29.65,-9.549999
ks.rush,8.277778,13.361111,-5.083333
ks.russell,14.152174,22.695652,-8.543478
ks.leavenworth,12.781437,15.221557,-2.4401197
ks.saline,15.228972,22.733644,-7.504672
ks.haskell,23.76923,27.307692,-3.5384617
ks.chautauqua,4.6,8.44,-3.8399997
ks.seward,32.20792,38.59406,-6.386139
ks.ford,49.131313,57.050507,-7.9191933
ks.wichita,4.5675673,7.5945945,-3.0270271
mt.beaverhead,25.36,34.6,-9.239998
mt.carbon,63.8,95.1,-31.3
mt.chouteau,3.7439024,5.731707,-1.9878047
mt.fergus,8.555555,13.355556,-4.8
mt.sanders,7.159091,11.045455,-3.886364
mt.missoula,13.477723,18.594059,-5.116336
mt.carter,4.064516,5.548387,-1.483871
mt.daniels,2.4629629,4.0740743,-1.6111114
mt.powell,46.75,87.625,-40.875
mt.fallon,6.5,11.125,-4.625
mt.garfield,2.75,4.4583335,-1.7083335
mt.dawson,8.21875,12.354167,-4.135417
mt.granite,16.11111,22,-5.8888893
mt.liberty,3.96,6.92,-2.96
mt.park,14.94,23.26,-8.320001
mt.toole,25.96,32.8,-6.84
mt.mccone,4.96,6.04,-1.0799999
mt.mineral,3.92,8.8,-4.88
mt.meagher,4.4,5.76,-1.3600001
mt.roosevelt,19.447762,25.074627,-5.6268654
mt.phillips,59.333332,78.833336,-19.500004
mt.sweet grass,5.74,9.36,-3.62
mt.pondera,4.455696,5.506329,-1.050633
mt.prairie,5.409091,8.863636,-3.454545
mt.rosebud,17.363636,19.036364,-1.6727276
mt.sheridan,3.3505154,5.4639177,-2.1134024
mt.richland,6.1864405,8.271187,-2.0847464
mt.lake,9.614173,12.960629,-3.3464565
mt.stillwater,20.782608,28.608696,-7.826088
mt.wheatland,4.56,5.48,-0.9200001
ms.marshall,60.575,76.475,-15.899998
ms.prentiss,14.824561,17.122807,-2.2982454
ms.calhoun,35.36,39.32,-3.959999
ms.desoto,22.379377,26.955254,-4.575876
ms.lowndes,9.530159,10.888889,-1.3587303
ms.union,13.346405,15.96732,-2.6209154
ms.pike,9.238579,9.974619,-0.7360401
ms.bolivar,16.521212,18.042425,-1.5212135
ms.lafayette,14.970834,17.183332,-2.2124987
ms.claiborne,18.84375,19.875,-1.03125
ms.george,30.229166,33.458332,-3.229166
ms.holmes,57.2,68.44,-11.240002
ms.jefferson davis,18.085714,21.714285,-3.6285706
ms.kemper,22.96,32.96,-10
ms.montgomery,19.522728,23.34091,-3.818182
ms.lincoln,21.666666,25.565657,-3.8989906
ms.simpson,16.595959,18.232323,-1.636364
ms.adams,5.5607142,6.553571,-0.992857
ks.harper,5.4242425,8.651515,-3.2272725
ms.lee,8.58,10.14,-1.5600004
ms.tate,26.197369,32.44737,-6.25
ms.coahoma,9.331491,10.464088,-1.132597
ms.noxubee,31.44,36,-4.5599995
ms.jackson,12.602452,14.535902,-1.9334497
ms.oktibbeha,28.645834,32.083332,-3.437498
ms.hancock,14.166667,16.617647,-2.4509802
ms.humphreys,17.558823,19.67647,-2.1176472
ms.smith,28.51724,31.448277,-2.931036
ms.perry,33.045456,37.772728,-4.727272
ms.pontotoc,96.68,112.84,-16.159996
ms.quitman,16.151516,17.424242,-1.272726
ms.scott,29.566668,35.983334,-6.416666
ms.sharkey,11.862069,12.965517,-1.1034479
ms.jones,14.6,16.042105,-1.4421043
ms.tallahatchie,58.555557,61.055557,-2.5
ms.grenada,10.173077,10.608974,-0.43589783
ms.walthall,34,39.32,-5.3199997
ms.wayne,17.175,18.625,-1.4500008
ms.yalobusha,31.23077,35.807693,-4.5769234
ar.van buren,20.28,31.4,-11.119999
ar.jackson,17.586466,24.43609,-6.8496246
ar.crawford,34.427185,39.669903,-5.2427177
co.routt,8.397959,15.571428,-7.1734695
co.garfield,23.210085,35.890755,-12.68067
ks.greenwood,13.24,19.08,-5.84
ks.douglas,35.93421,46.42105,-10.486839
me.waldo,11.04,13.76,-2.7200003
ms.clay,17.383333,20.033333,-2.6499996
ms.panola,23.160715,27.919643,-4.7589283
mt.teton,6.65,9.45,-2.7999997
mt.musselshell,9.8,13.6,-3.8000002
mt.ravalli,49.162163,86.297295,-37.13513
mt.custer,9.422222,14.211111,-4.788889
co.pitkin,25.44,37.6,-12.159998
co.jefferson,30.819653,48.4801,-17.660446
co.fremont,142.8,256.04,-113.240005
co.morgan,26.782608,41.15942,-14.376812
sd.davison,37.880596,56.313435,-18.432838
wa.franklin,71.09434,88.971695,-17.877357
co.gunnison,21.583334,30.375,-8.791666
co.cheyenne,7.4545455,16.90909,-9.454544
co.montrose,21.304348,42.347828,-21.04348
co.prowers,33.24,60.6,-27.359997
co.rio grande,16.588236,26.058823,-9.470587
co.conejos,13.823529,21.117647,-7.294118
co.sedgwick,1.8125,2.921875,-1.109375
co.baca,1.835443,4.113924,-2.278481
co.montezuma,36.52,69.64,-33.12
co.huerfano,11.25,23.25,-12
co.broomfield,25.804348,38.02174,-12.217392
co.summit,52.235294,76.588234,-24.35294
co.logan,107.6,148.28,-40.68
co.teller,52.266666,91.53333,-39.266666
co.eagle,47.448277,67.13793,-19.689655
